symbol,budgetQuote,name,scenario,actions,availabilityBlockAnchored,terminalQuotesIndependentlyRecomputed,markedNavVerified,feeTokenTotalsVerified,gasVerified,weeklyAndRegimeNavVerified,invalidAt,capacityTimeMetricsIncludePostInvalidMarks,inRangeMs,above10PercentExistingMs,above100PercentExistingMs,feesQuote,modeledFeesAbove10PercentExistingQuote,modeledFeesAbove100PercentExistingQuote
AAPL,5000000000,fixed_20,pinned_fork_costs,855,True,True,True,True,True,True,,False,3135096000,3020083000,2027151000,4252360246,4085963595,1554768155
AAPL,5000000000,fixed_40,pinned_fork_costs,244,True,True,True,True,True,True,,False,3213258000,2826290000,1645342000,3373146896,3021354247,571427347
AAPL,5000000000,fixed_80,pinned_fork_costs,72,True,True,True,True,True,True,,False,3230004000,2513611000,1066549000,2111743076,1643312051,280050177
AAPL,5000000000,fixed_160,pinned_fork_costs,14,True,True,True,True,True,True,,False,2375669000,1396641000,0,1069894148,606235461,0
AAPL,5000000000,adaptive_width,pinned_fork_costs,130,True,True,True,True,True,True,,False,2386270000,1932128000,476242000,2386157228,2117873345,185963520
AAPL,5000000000,adaptive_economic,pinned_fork_costs,15,True,True,True,True,True,True,,False,581214000,580470000,181876000,430131885,423071194,37032585
AAPL,5000000000,fixed_20,double_gas_half_fees,855,True,True,True,True,True,True,,False,3135096000,2965517000,1961391000,1811757635,1704521210,550359550
AAPL,5000000000,fixed_40,double_gas_half_fees,244,True,True,True,True,True,True,,False,3213258000,2718860000,1637783000,1499633843,1319655765,277009331
AAPL,5000000000,fixed_80,double_gas_half_fees,70,True,True,True,True,True,True,,False,3230337000,2458278000,1065761000,980489918,732509113,138628986
AAPL,5000000000,fixed_160,double_gas_half_fees,14,True,True,True,True,True,True,,False,2375669000,1391465000,0,514482052,293360303,0
AAPL,5000000000,adaptive_width,double_gas_half_fees,96,True,True,True,True,True,True,,False,2389431000,1652987000,450435000,911040103,740475055,67370842
AAPL,5000000000,adaptive_economic,double_gas_half_fees,2,True,True,True,True,True,True,,False,529604000,529604000,181876000,126046302,126046302,18510411
AAPL,5000000000,fixed_20,partial_mint_failure,790,True,True,True,True,True,True,,False,2916706000,2808058000,1883897000,3573721958,3424078472,1327901963
AAPL,5000000000,fixed_40,partial_mint_failure,277,True,True,True,True,True,True,,False,3131942000,2732423000,1603556000,2940329978,2598268917,531347386
AAPL,5000000000,fixed_80,partial_mint_failure,79,True,True,True,True,True,True,,False,3206274000,2494428000,1054159000,2064481992,1624234841,279921996
AAPL,5000000000,fixed_160,partial_mint_failure,16,True,True,True,True,True,True,,False,2373118000,1395111000,0,1052869866,599193317,0
AAPL,5000000000,adaptive_width,partial_mint_failure,85,True,True,True,True,True,True,,False,2370341000,1527730000,448429000,1577434750,1092354509,133747563
AAPL,5000000000,adaptive_economic,partial_mint_failure,14,True,True,True,True,True,True,,False,578754000,577950000,181876000,410814355,403365629,37032585
AAPL,1000000000,fixed_20,pinned_fork_costs,855,True,True,True,True,True,True,,False,3135096000,2492649000,284738000,1829455092,1461155120,58525823
AAPL,1000000000,fixed_40,pinned_fork_costs,244,True,True,True,True,True,True,,False,3213258000,2233121000,0,1155573757,670645366,0
AAPL,1000000000,fixed_80,pinned_fork_costs,76,True,True,True,True,True,True,,False,3231465000,1718501000,0,581339002,159531460,0
AAPL,1000000000,fixed_160,pinned_fork_costs,22,True,True,True,True,True,True,,False,3237849000,1075318000,0,295323848,60380212,0
AAPL,1000000000,adaptive_width,pinned_fork_costs,265,True,True,True,True,True,True,,False,3193660000,1579446000,5195000,887163521,514531609,1583777
AAPL,1000000000,adaptive_economic,pinned_fork_costs,51,True,True,True,True,True,True,,False,610629000,372484000,0,383397982,224787731,0
AAPL,1000000000,fixed_20,double_gas_half_fees,855,True,True,True,True,True,True,,False,3135096000,2249588000,198790000,669366850,441866738,19749882
AAPL,1000000000,fixed_40,double_gas_half_fees,244,True,True,True,True,True,True,,False,3213258000,2120231000,0,470967135,257446951,0
AAPL,1000000000,fixed_80,double_gas_half_fees,76,True,True,True,True,True,True,,False,3231465000,1659295000,0,259039328,74033286,0
AAPL,1000000000,fixed_160,double_gas_half_fees,22,True,True,True,True,True,True,,False,3237849000,1073318000,0,139203109,29675824,0
AAPL,1000000000,adaptive_width,double_gas_half_fees,95,True,True,True,True,True,True,,False,3231123000,1241321000,3407000,207069359,53536491,444777
AAPL,1000000000,adaptive_economic,double_gas_half_fees,2,True,True,True,True,True,True,,False,1216129000,578981000,0,31723892,16946930,0
AAPL,1000000000,fixed_20,partial_mint_failure,748,True,True,True,True,True,True,,False,2841499000,2183068000,228673000,1366536372,1033997960,40648698
AAPL,1000000000,fixed_40,partial_mint_failure,259,True,True,True,True,True,True,,False,3118081000,2149211000,0,1006876308,589975668,43065
AAPL,1000000000,fixed_80,partial_mint_failure,92,True,True,True,True,True,True,,False,3206773000,1714907000,0,558041003,160787501,0
AAPL,1000000000,fixed_160,partial_mint_failure,25,True,True,True,True,True,True,,False,3233046000,1073775000,0,292307879,60053954,0
AAPL,1000000000,adaptive_width,partial_mint_failure,227,True,True,True,True,True,True,,False,3168966000,1323678000,0,726240117,365608138,41881
AAPL,1000000000,adaptive_economic,partial_mint_failure,39,True,True,True,True,True,True,,False,662417000,356118000,0,332647250,183454219,0
AAPL,250000000,fixed_20,pinned_fork_costs,855,True,True,True,True,True,True,,False,3135096000,1849809000,0,687181831,270033293,0
AAPL,250000000,fixed_40,pinned_fork_costs,244,True,True,True,True,True,True,,False,3213258000,1199200000,0,357803303,69341201,0
AAPL,250000000,fixed_80,pinned_fork_costs,76,True,True,True,True,True,True,,False,3231465000,23000,0,160309606,80859,0
AAPL,250000000,fixed_160,pinned_fork_costs,22,True,True,True,True,True,True,,False,3237849000,0,0,77217132,0,0
AAPL,250000000,adaptive_width,pinned_fork_costs,310,True,True,True,True,True,True,,False,3218703000,82307000,0,321072862,17440799,0
AAPL,250000000,adaptive_economic,pinned_fork_costs,10,True,True,True,True,True,True,,False,1558193000,0,0,60997612,0,0
AAPL,250000000,fixed_20,double_gas_half_fees,547,True,True,True,True,True,True,1788183175000,True,2223072000,1588891000,0,116654271,59764519,0
AAPL,250000000,fixed_40,double_gas_half_fees,244,True,True,True,True,True,True,,False,3213258000,1061083000,0,138796420,27726781,0
AAPL,250000000,fixed_80,double_gas_half_fees,76,True,True,True,True,True,True,,False,3231465000,0,0,70421641,4609,0
AAPL,250000000,fixed_160,double_gas_half_fees,22,True,True,True,True,True,True,,False,3237849000,0,0,36268450,0,0
AAPL,250000000,adaptive_width,double_gas_half_fees,81,True,True,True,True,True,True,,False,3233044000,65122000,0,54223194,1277027,0
AAPL,250000000,adaptive_economic,double_gas_half_fees,1,True,True,True,True,True,True,,False,1462416000,0,0,14112682,0,0
AAPL,250000000,fixed_20,partial_mint_failure,724,True,True,True,True,True,True,,False,2808718000,1681315000,0,500601138,207100344,0
AAPL,250000000,fixed_40,partial_mint_failure,253,True,True,True,True,True,True,,False,3117771000,1030888000,0,308813938,55773737,0
AAPL,250000000,fixed_80,partial_mint_failure,92,True,True,True,True,True,True,,False,3206773000,42000,0,153877392,80633,0
AAPL,250000000,fixed_160,partial_mint_failure,25,True,True,True,True,True,True,,False,3233046000,0,0,76423889,0,0
AAPL,250000000,adaptive_width,partial_mint_failure,263,True,True,True,True,True,True,,False,3156729000,14796000,0,229006650,3591528,0
AAPL,250000000,adaptive_economic,partial_mint_failure,7,True,True,True,True,True,True,,False,1565252000,0,0,60001771,0,0
GLD,5000000000,fixed_20,pinned_fork_costs,1033,True,True,True,True,True,True,,False,967879000,87042000,19808000,819237864,627506313,498149055
GLD,5000000000,fixed_40,pinned_fork_costs,460,True,True,True,True,True,True,,False,1030033000,94196000,31096000,906493696,732106625,606001085
GLD,5000000000,fixed_80,pinned_fork_costs,33,True,True,True,True,True,True,,False,977923000,199805000,19990000,2133732210,1406337559,421324043
GLD,5000000000,fixed_160,pinned_fork_costs,13,True,True,True,True,True,True,,False,983294000,107006000,6648000,1161890093,625906770,51342134
GLD,5000000000,adaptive_width,pinned_fork_costs,186,True,True,True,True,True,True,,False,920213000,231054000,13725000,1785037122,1376476312,221194937
GLD,5000000000,adaptive_economic,pinned_fork_costs,67,True,True,True,True,True,True,,False,78696000,66238000,6805000,774561549,734325619,126181725
GLD,5000000000,fixed_20,double_gas_half_fees,372,True,True,True,True,True,True,1788208135000,True,198560000,67615000,19808000,298376855,297877297,247924816
GLD,5000000000,fixed_40,double_gas_half_fees,460,True,True,True,True,True,True,,False,1030033000,87103000,31096000,423916650,356663351,300510711
GLD,5000000000,fixed_80,double_gas_half_fees,37,True,True,True,True,True,True,,False,979838000,166541000,21981000,1004296863,630285705,217697111
GLD,5000000000,fixed_160,double_gas_half_fees,13,True,True,True,True,True,True,,False,983294000,98243000,6529000,555713790,296476565,25026370
GLD,5000000000,adaptive_width,double_gas_half_fees,35,True,True,True,True,True,True,,False,937087000,87808000,6595000,533011356,228985758,27316267
GLD,5000000000,adaptive_economic,double_gas_half_fees,13,True,True,True,True,True,True,,False,484217000,43578000,2602000,329269577,193852350,11940900
GLD,5000000000,fixed_20,partial_mint_failure,610,True,True,True,True,True,True,,False,780725000,31930000,14559000,492182747,306327082,254966203
GLD,5000000000,fixed_40,partial_mint_failure,311,True,True,True,True,True,True,,False,930067000,62338000,20457000,729558976,536059880,430024911
GLD,5000000000,fixed_80,partial_mint_failure,40,True,True,True,True,True,True,,False,971372000,192286000,21919000,1990951703,1260371585,367261926
GLD,5000000000,fixed_160,partial_mint_failure,15,True,True,True,True,True,True,,False,981362000,106507000,6648000,1159039918,624126441,51342134
GLD,5000000000,adaptive_width,partial_mint_failure,115,True,True,True,True,True,True,,False,886517000,191677000,9262000,1330513203,933569986,136014921
GLD,5000000000,adaptive_economic,partial_mint_failure,34,True,True,True,True,True,True,,False,60353000,45821000,4725000,450349105,410784481,83469929
GLD,1000000000,fixed_20,pinned_fork_costs,249,True,True,True,True,True,True,1788137668000,True,37829000,37829000,25706000,401666844,401666844,254386694
GLD,1000000000,fixed_40,pinned_fork_costs,265,True,True,True,True,True,True,1788171347000,True,355346000,70281000,28230000,435299580,411747807,101110698
GLD,1000000000,fixed_80,pinned_fork_costs,58,True,True,True,True,True,True,,False,1051367000,153368000,27409000,826869378,502066051,50567639
GLD,1000000000,fixed_160,pinned_fork_costs,15,True,True,True,True,True,True,,False,1025752000,69322000,0,387200575,170876536,0
GLD,1000000000,adaptive_width,pinned_fork_costs,351,True,True,True,True,True,True,,False,975417000,106160000,12073000,1019644902,671050345,238989800
GLD,1000000000,adaptive_economic,pinned_fork_costs,136,True,True,True,True,True,True,,False,141019000,59225000,12028000,657722963,525726591,229359932
GLD,1000000000,fixed_20,double_gas_half_fees,246,True,True,True,True,True,True,1788134824000,True,38254000,38254000,26842000,193621895,193621895,123106309
GLD,1000000000,fixed_40,double_gas_half_fees,183,True,True,True,True,True,True,1788134919000,True,52526000,48488000,29269000,205397493,195183358,42719062
GLD,1000000000,fixed_80,double_gas_half_fees,69,True,True,True,True,True,True,,False,1049181000,152056000,3193000,358792197,229188613,6992430
GLD,1000000000,fixed_160,double_gas_half_fees,17,True,True,True,True,True,True,,False,1026093000,66977000,0,190785827,91989680,0
GLD,1000000000,adaptive_width,double_gas_half_fees,225,True,True,True,True,True,True,,False,1001328000,73726000,12701000,338060183,221399354,112395419
GLD,1000000000,adaptive_economic,double_gas_half_fees,80,True,True,True,True,True,True,,False,141066000,33629000,8259000,138045537,73865763,21700651
GLD,1000000000,fixed_20,partial_mint_failure,518,True,True,True,True,True,True,1788876750000,True,614170000,21972000,11249000,155772455,111575757,63809218
GLD,1000000000,fixed_40,partial_mint_failure,335,True,True,True,True,True,True,,False,937144000,50693000,19706000,338133495,257124783,43352352
GLD,1000000000,fixed_80,partial_mint_failure,73,True,True,True,True,True,True,,False,1028816000,138820000,23074000,650430092,364647322,35321278
GLD,1000000000,fixed_160,partial_mint_failure,17,True,True,True,True,True,True,,False,1022980000,66012000,0,386994301,169542791,0
GLD,1000000000,adaptive_width,partial_mint_failure,211,True,True,True,True,True,True,,False,904129000,45483000,1694000,488906322,199906459,51539363
GLD,1000000000,adaptive_economic,partial_mint_failure,86,True,True,True,True,True,True,,False,134872000,33427000,5508000,296989876,216851672,108096710
GLD,250000000,fixed_20,pinned_fork_costs,258,True,True,True,True,True,True,1788110736000,True,38216000,34819000,11866000,192801759,185492485,23975803
GLD,250000000,fixed_40,pinned_fork_costs,227,True,True,True,True,True,True,1788103635000,True,54441000,42663000,20320000,167939161,136781903,12089005
GLD,250000000,fixed_80,pinned_fork_costs,86,True,True,True,True,True,True,,False,1057252000,82332000,313000,231932956,75648509,290403
GLD,250000000,fixed_160,pinned_fork_costs,35,True,True,True,True,True,True,,False,1061415000,36518000,202000,111659305,24681857,786770
GLD,250000000,adaptive_width,pinned_fork_costs,385,True,True,True,True,True,True,,False,1008072000,30961000,5346000,369278564,183060338,20101803
GLD,250000000,adaptive_economic,pinned_fork_costs,274,True,True,True,True,True,True,,False,138670000,58879000,1876000,338912656,241153825,17746147
GLD,250000000,fixed_20,double_gas_half_fees,208,True,True,True,True,True,True,1788051775000,True,35134000,31737000,8306000,86981742,83922177,4068778
GLD,250000000,fixed_40,double_gas_half_fees,162,True,True,True,True,True,True,1788053726000,True,45968000,34119000,11288000,75669829,61209654,4460134
GLD,250000000,fixed_80,double_gas_half_fees,86,True,True,True,True,True,True,,False,1057252000,75013000,313000,96675841,30109656,138864
GLD,250000000,fixed_160,double_gas_half_fees,35,True,True,True,True,True,True,,False,1061415000,7303000,202000,50673709,4679759,380195
GLD,250000000,adaptive_width,double_gas_half_fees,324,True,True,True,True,True,True,,False,1013965000,27424000,634000,133932091,82632278,768647
GLD,250000000,adaptive_economic,double_gas_half_fees,68,True,True,True,True,True,True,,False,14669000,12705000,0,27787587,25427764,0
GLD,250000000,fixed_20,partial_mint_failure,209,True,True,True,True,True,True,1788253610000,True,132167000,19871000,6350000,36030718,32079239,4045840
GLD,250000000,fixed_40,partial_mint_failure,142,True,True,True,True,True,True,1788146502000,True,321739000,21879000,10925000,61372212,40790251,6731948
GLD,250000000,fixed_80,partial_mint_failure,73,True,True,True,True,True,True,,False,1030370000,69905000,314000,170509430,44466548,284414
GLD,250000000,fixed_160,partial_mint_failure,32,True,True,True,True,True,True,,False,1051616000,31274000,30000,101926797,17158147,197574
GLD,250000000,adaptive_width,partial_mint_failure,271,True,True,True,True,True,True,,False,892525000,13067000,202000,105466129,35792757,356188
GLD,250000000,adaptive_economic,partial_mint_failure,67,True,True,True,True,True,True,,False,73140000,15878000,26000,67076774,33695382,427695
GME,5000000000,fixed_20,pinned_fork_costs,2235,True,True,True,True,True,True,,False,3770001000,3530031000,289460000,12459794976,11703101934,1646940493
GME,5000000000,fixed_40,pinned_fork_costs,815,True,True,True,True,True,True,,False,3896244000,3418427000,284540000,11065967378,9948155000,1843646353
GME,5000000000,fixed_80,pinned_fork_costs,190,True,True,True,True,True,True,,False,3902241000,3136368000,183080000,8169867046,7014473742,802837204
GME,5000000000,fixed_160,pinned_fork_costs,60,True,True,True,True,True,True,,False,3811434000,970170000,46705000,3968954287,1473809902,73297371
GME,5000000000,adaptive_width,pinned_fork_costs,521,True,True,True,True,True,True,,False,3770350000,1818748000,115498000,9363626368,8000868280,622313592
GME,5000000000,adaptive_economic,pinned_fork_costs,241,True,True,True,True,True,True,,False,1409600000,1182035000,29127000,5982095197,5608547438,447610066
GME,5000000000,fixed_20,double_gas_half_fees,2235,True,True,True,True,True,True,,False,3770001000,3132846000,239717000,3888970245,3390153785,511745573
GME,5000000000,fixed_40,double_gas_half_fees,815,True,True,True,True,True,True,,False,3896244000,3170842000,220960000,3815019652,3217644791,423369484
GME,5000000000,fixed_80,double_gas_half_fees,201,True,True,True,True,True,True,,False,3904613000,2877194000,175271000,3194005360,2404798888,304985516
GME,5000000000,fixed_160,double_gas_half_fees,60,True,True,True,True,True,True,,False,3811691000,353851000,45089000,1711532437,554819692,34929218
GME,5000000000,adaptive_width,double_gas_half_fees,367,True,True,True,True,True,True,,False,3741511000,1977248000,40523000,3050359701,2357509311,183038476
GME,5000000000,adaptive_economic,double_gas_half_fees,104,True,True,True,True,True,True,,False,1557366000,1272382000,19687000,1259714324,1138199094,78358696
GME,5000000000,fixed_20,partial_mint_failure,1723,True,True,True,True,True,True,,False,3338996000,3052900000,229205000,7760859426,7068026352,746912848
GME,5000000000,fixed_40,partial_mint_failure,689,True,True,True,True,True,True,,False,3713533000,3275459000,227128000,8697129795,7694010402,836212130
GME,5000000000,fixed_80,partial_mint_failure,201,True,True,True,True,True,True,,False,3846434000,3078185000,156388000,6770793166,5563609031,534682820
GME,5000000000,fixed_160,partial_mint_failure,57,True,True,True,True,True,True,,False,3792861000,1038708000,41642000,3846742945,1506317583,67524886
GME,5000000000,adaptive_width,partial_mint_failure,346,True,True,True,True,True,True,,False,3661434000,1927596000,47312000,5575470557,4338049760,181276608
GME,5000000000,adaptive_economic,partial_mint_failure,163,True,True,True,True,True,True,,False,1902255000,1316017000,39861000,3863414368,3389900117,86938475
GME,1000000000,fixed_20,pinned_fork_costs,2235,True,True,True,True,True,True,,False,3769668000,2639451000,142805000,6599189857,5151831913,267206777
GME,1000000000,fixed_40,pinned_fork_costs,821,True,True,True,True,True,True,,False,3896341000,583726000,58456000,4694541304,2454395719,83443403
GME,1000000000,fixed_80,pinned_fork_costs,205,True,True,True,True,True,True,,False,3922341000,347576000,31793000,2735778826,912445796,68038121
GME,1000000000,fixed_160,pinned_fork_costs,70,True,True,True,True,True,True,,False,3931220000,206523000,3750000,1192578791,263490820,2793808
GME,1000000000,adaptive_width,pinned_fork_costs,958,True,True,True,True,True,True,,False,3793000000,872099000,9641000,5562597461,4290353596,120172986
GME,1000000000,adaptive_economic,pinned_fork_costs,367,True,True,True,True,True,True,,False,1655797000,509287000,18069000,3328741088,2618768322,33794668
GME,1000000000,fixed_20,double_gas_half_fees,1145,True,True,True,True,True,True,1787849452000,True,2544362000,842362000,95938000,491549631,223226333,53590619
GME,1000000000,fixed_40,double_gas_half_fees,822,True,True,True,True,True,True,,False,3896459000,365374000,54546000,1258292294,411070553,30386509
GME,1000000000,fixed_80,double_gas_half_fees,206,True,True,True,True,True,True,,False,3922371000,300208000,26955000,924656371,328098908,19336834
GME,1000000000,fixed_160,double_gas_half_fees,70,True,True,True,True,True,True,,False,3932403000,201386000,3750000,477478659,96340440,1280375
GME,1000000000,adaptive_width,double_gas_half_fees,394,True,True,True,True,True,True,,False,3871957000,256024000,901000,946332795,410838512,14219979
GME,1000000000,adaptive_economic,double_gas_half_fees,176,True,True,True,True,True,True,,False,1041027000,165061000,2933000,495360441,259509746,6081618
GME,1000000000,fixed_20,partial_mint_failure,1633,True,True,True,True,True,True,,False,3271021000,2129597000,84190000,3043062510,1985040831,154933227
GME,1000000000,fixed_40,partial_mint_failure,693,True,True,True,True,True,True,,False,3682137000,393864000,43468000,3014376086,878248289,35319369
GME,1000000000,fixed_80,partial_mint_failure,219,True,True,True,True,True,True,,False,3872438000,323581000,27975000,2239203671,768568678,62579473
GME,1000000000,fixed_160,partial_mint_failure,61,True,True,True,True,True,True,,False,3891690000,180463000,18000,963255454,164136347,58909
GME,1000000000,adaptive_width,partial_mint_failure,575,True,True,True,True,True,True,,False,3644712000,598697000,2971000,2140267979,1179692511,5369435
GME,1000000000,adaptive_economic,partial_mint_failure,223,True,True,True,True,True,True,,False,1592873000,429696000,16476000,1488100856,944586944,16771392
GME,250000000,fixed_20,pinned_fork_costs,2235,True,True,True,True,True,True,,False,3769668000,398827000,35965000,3280552043,1322715806,25412806
GME,250000000,fixed_40,pinned_fork_costs,827,True,True,True,True,True,True,,False,3896452000,272077000,17701000,1834671783,457352108,8532780
GME,250000000,fixed_80,pinned_fork_costs,227,True,True,True,True,True,True,,False,3933387000,104035000,5242000,848722902,84139613,1789719
GME,250000000,fixed_160,pinned_fork_costs,74,True,True,True,True,True,True,,False,3939433000,50156000,1394000,333391919,25173553,837741
GME,250000000,adaptive_width,pinned_fork_costs,1176,True,True,True,True,True,True,,False,3859337000,201670000,77000,2438756473,808157554,11145068
GME,250000000,adaptive_economic,pinned_fork_costs,375,True,True,True,True,True,True,,False,724425000,84357000,77000,1071193060,270503892,8571207
GME,250000000,fixed_20,double_gas_half_fees,397,True,True,True,True,True,True,1785858432000,True,709816000,62873000,5846000,54408199,21123899,1863849
GME,250000000,fixed_40,double_gas_half_fees,404,True,True,True,True,True,True,1787673603000,True,2654958000,142385000,9868000,103929956,30444517,2519909
GME,250000000,fixed_80,double_gas_half_fees,226,True,True,True,True,True,True,,False,3933138000,69042000,5182000,261626872,20859143,864428
GME,250000000,fixed_160,double_gas_half_fees,74,True,True,True,True,True,True,,False,3939433000,46456000,1394000,130278569,10400509,388774
GME,250000000,adaptive_width,double_gas_half_fees,634,True,True,True,True,True,True,,False,3891013000,71186000,55000,383237161,105524932,2170391
GME,250000000,adaptive_economic,double_gas_half_fees,116,True,True,True,True,True,True,,False,427092000,11352000,0,95798816,33177495,0
GME,250000000,fixed_20,partial_mint_failure,1513,True,True,True,True,True,True,,False,3243313000,164809000,19985000,1056886412,145881105,4902609
GME,250000000,fixed_40,partial_mint_failure,637,True,True,True,True,True,True,,False,3671313000,167941000,14714000,886086966,124286779,5853244
GME,250000000,fixed_80,partial_mint_failure,231,True,True,True,True,True,True,,False,3873591000,96640000,6461000,649342216,73602892,2084877
GME,250000000,fixed_160,partial_mint_failure,73,True,True,True,True,True,True,,False,3925552000,49702000,3369000,283821777,12337064,574218
GME,250000000,adaptive_width,partial_mint_failure,653,True,True,True,True,True,True,,False,3604670000,77390000,0,672317100,87191399,0
GME,250000000,adaptive_economic,partial_mint_failure,142,True,True,True,True,True,True,,False,368172000,12135000,0,202365471,28157593,0
GOOGL,5000000000,fixed_20,pinned_fork_costs,624,True,True,True,True,True,True,,False,2595216000,2420024000,1575577000,3157443826,2634932316,624704215
GOOGL,5000000000,fixed_40,pinned_fork_costs,184,True,True,True,True,True,True,,False,2975794000,2205306000,1899644000,2340132518,1398111777,478437266
GOOGL,5000000000,fixed_80,pinned_fork_costs,35,True,True,True,True,True,True,,False,1606044000,669086000,297756000,1411806896,674563506,63391401
GOOGL,5000000000,fixed_160,pinned_fork_costs,7,True,True,True,True,True,True,,False,1848625000,866809000,346009000,792054109,371199437,21284674
GOOGL,5000000000,adaptive_width,pinned_fork_costs,82,True,True,True,True,True,True,,False,1349712000,794109000,83688000,1595554746,1215276112,7302951
GOOGL,5000000000,adaptive_economic,pinned_fork_costs,37,True,True,True,True,True,True,,False,494473000,403427000,118736000,1127358296,862019419,157614525
GOOGL,5000000000,fixed_20,double_gas_half_fees,624,True,True,True,True,True,True,,False,2595216000,2347569000,1571090000,1352705952,1092765814,294716859
GOOGL,5000000000,fixed_40,double_gas_half_fees,184,True,True,True,True,True,True,,False,2975794000,2142397000,1888145000,1057911115,584580062,227378009
GOOGL,5000000000,fixed_80,double_gas_half_fees,35,True,True,True,True,True,True,,False,1606044000,665665000,297756000,666354817,323771426,31528178
GOOGL,5000000000,fixed_160,double_gas_half_fees,7,True,True,True,True,True,True,,False,1848625000,865872000,346009000,385111635,183554906,10636006
GOOGL,5000000000,adaptive_width,double_gas_half_fees,22,True,True,True,True,True,True,,False,1354461000,385725000,84246000,499363130,210825592,3811787
GOOGL,5000000000,adaptive_economic,double_gas_half_fees,8,True,True,True,True,True,True,,False,536286000,265303000,97329000,235580172,170529815,17224240
GOOGL,5000000000,fixed_20,partial_mint_failure,610,True,True,True,True,True,True,,False,2373034000,2216481000,1425943000,2533061102,2084954681,439434214
GOOGL,5000000000,fixed_40,partial_mint_failure,201,True,True,True,True,True,True,,False,2892622000,2130679000,1835060000,2266982868,1344822999,441379435
GOOGL,5000000000,fixed_80,partial_mint_failure,45,True,True,True,True,True,True,,False,1599292000,665672000,296933000,1394886250,664560043,62023788
GOOGL,5000000000,fixed_160,partial_mint_failure,8,True,True,True,True,True,True,,False,1847652000,866809000,346009000,791340996,371199437,21284674
GOOGL,5000000000,adaptive_width,partial_mint_failure,100,True,True,True,True,True,True,,False,1325142000,756195000,81683000,1658174202,1266363966,4541137
GOOGL,5000000000,adaptive_economic,partial_mint_failure,38,True,True,True,True,True,True,,False,684867000,589360000,90172000,1300075515,1042103301,66188240
GOOGL,1000000000,fixed_20,pinned_fork_costs,703,True,True,True,True,True,True,,False,2892491000,1943092000,1180759000,1037123238,420798226,53189007
GOOGL,1000000000,fixed_40,pinned_fork_costs,211,True,True,True,True,True,True,,False,3101320000,2115022000,1009449000,708655430,330731790,32555235
GOOGL,1000000000,fixed_80,pinned_fork_costs,53,True,True,True,True,True,True,,False,3151405000,2093647000,788900000,401125304,166942772,19735635
GOOGL,1000000000,fixed_160,pinned_fork_costs,14,True,True,True,True,True,True,,False,2765751000,1430646000,138739000,196688130,32853386,1726632
GOOGL,1000000000,adaptive_width,pinned_fork_costs,185,True,True,True,True,True,True,,False,1574184000,478122000,11898000,685208517,200284018,1861530
GOOGL,1000000000,adaptive_economic,pinned_fork_costs,20,True,True,True,True,True,True,,False,1305725000,319130000,9599000,224541775,89349860,121516
GOOGL,1000000000,fixed_20,double_gas_half_fees,704,True,True,True,True,True,True,,False,2892601000,1927716000,1160083000,400805478,182006827,23808078
GOOGL,1000000000,fixed_40,double_gas_half_fees,211,True,True,True,True,True,True,,False,3101320000,2112226000,1009449000,302204754,151879565,16171417
GOOGL,1000000000,fixed_80,double_gas_half_fees,53,True,True,True,True,True,True,,False,3151405000,2076737000,766150000,183649948,76042549,9633475
GOOGL,1000000000,fixed_160,double_gas_half_fees,14,True,True,True,True,True,True,,False,2765751000,1430646000,138739000,94251945,16280032,862448
GOOGL,1000000000,adaptive_width,double_gas_half_fees,49,True,True,True,True,True,True,,False,1584313000,300512000,11898000,134154243,18539709,925456
GOOGL,1000000000,adaptive_economic,double_gas_half_fees,9,True,True,True,True,True,True,,False,601036000,416067000,30832000,63385199,34420267,197066
GOOGL,1000000000,fixed_20,partial_mint_failure,604,True,True,True,True,True,True,,False,2529351000,1627040000,1004386000,853400352,298529200,46262308
GOOGL,1000000000,fixed_40,partial_mint_failure,225,True,True,True,True,True,True,,False,2880472000,1906927000,881020000,643306752,282531707,29912870
GOOGL,1000000000,fixed_80,partial_mint_failure,61,True,True,True,True,True,True,,False,3064893000,2004511000,746477000,394301233,159242884,19599915
GOOGL,1000000000,fixed_160,partial_mint_failure,16,True,True,True,True,True,True,,False,2763623000,1429173000,138739000,196463653,32731430,1726632
GOOGL,1000000000,adaptive_width,partial_mint_failure,130,True,True,True,True,True,True,,False,1603517000,377454000,11898000,503448872,68746552,1862627
GOOGL,1000000000,adaptive_economic,partial_mint_failure,27,True,True,True,True,True,True,,False,1345337000,388889000,9599000,235123163,104409605,121516
GOOGL,250000000,fixed_20,pinned_fork_costs,725,True,True,True,True,True,True,,False,2959665000,1897134000,690377000,361231977,114820678,13936333
GOOGL,250000000,fixed_40,pinned_fork_costs,222,True,True,True,True,True,True,,False,3189074000,1866704000,174999000,222225721,40905699,1888200
GOOGL,250000000,fixed_80,pinned_fork_costs,63,True,True,True,True,True,True,,False,3230969000,1240797000,58721000,112743313,14338079,237392
GOOGL,250000000,fixed_160,pinned_fork_costs,17,True,True,True,True,True,True,,False,3266284000,967385000,19440000,57191002,6174593,92387
GOOGL,250000000,adaptive_width,pinned_fork_costs,172,True,True,True,True,True,True,,False,2931652000,890883000,0,172138153,17431408,0
GOOGL,250000000,adaptive_economic,pinned_fork_costs,24,True,True,True,True,True,True,,False,282062000,131361000,102321000,51005316,16638059,4930922
GOOGL,250000000,fixed_20,double_gas_half_fees,419,True,True,True,True,True,True,1788186275000,True,2210487000,1835647000,562663000,45243494,34786208,5687754
GOOGL,250000000,fixed_40,double_gas_half_fees,222,True,True,True,True,True,True,,False,3189074000,1864661000,174999000,91162030,18343677,934738
GOOGL,250000000,fixed_80,double_gas_half_fees,63,True,True,True,True,True,True,,False,3251961000,1146672000,66075000,51096342,6204199,142536
GOOGL,250000000,fixed_160,double_gas_half_fees,17,True,True,True,True,True,True,,False,3266284000,966961000,19440000,27196102,3068096,46193
GOOGL,250000000,adaptive_width,double_gas_half_fees,48,True,True,True,True,True,True,,False,2961281000,787402000,8892000,40319150,2593545,45003
GOOGL,250000000,adaptive_economic,double_gas_half_fees,1,True,True,True,True,True,True,,False,43160000,9033000,8892000,285351,49169,45003
GOOGL,250000000,fixed_20,partial_mint_failure,598,True,True,True,True,True,True,,False,2423920000,1441512000,489672000,274178730,69391558,10084953
GOOGL,250000000,fixed_40,partial_mint_failure,237,True,True,True,True,True,True,,False,2845775000,1567518000,119022000,196197336,34420826,1317845
GOOGL,250000000,fixed_80,partial_mint_failure,71,True,True,True,True,True,True,,False,3181593000,1266244000,44699000,111840230,14456049,187888
GOOGL,250000000,fixed_160,partial_mint_failure,20,True,True,True,True,True,True,,False,3256330000,958722000,19440000,57179987,6127825,92387
GOOGL,250000000,adaptive_width,partial_mint_failure,112,True,True,True,True,True,True,,False,2811211000,736270000,78432000,99735558,9611075,1151236
GOOGL,250000000,adaptive_economic,partial_mint_failure,23,True,True,True,True,True,True,,False,284256000,131066000,102321000,60770731,17203630,4930922
LLY,5000000000,fixed_20,pinned_fork_costs,272,True,True,True,True,True,True,,False,686649000,462882000,18464000,2030429709,1574992451,80289271
LLY,5000000000,fixed_40,pinned_fork_costs,72,True,True,True,True,True,True,,False,704088000,312518000,25000,1260439326,719918156,317244
LLY,5000000000,fixed_80,pinned_fork_costs,19,True,True,True,True,True,True,,False,708618000,222028000,66000,684186573,299306850,156561
LLY,5000000000,fixed_160,pinned_fork_costs,5,True,True,True,True,True,True,,False,710157000,85694000,0,361286805,72347828,0
LLY,5000000000,adaptive_width,pinned_fork_costs,34,True,True,True,True,True,True,,False,698025000,259828000,0,776956527,548789317,0
LLY,5000000000,adaptive_economic,pinned_fork_costs,18,True,True,True,True,True,True,,False,665565000,256460000,0,788276635,541876201,0
LLY,5000000000,fixed_20,double_gas_half_fees,272,True,True,True,True,True,True,,False,686649000,453617000,5952000,949336374,730437076,20845592
LLY,5000000000,fixed_40,double_gas_half_fees,72,True,True,True,True,True,True,,False,704088000,297664000,25000,601303996,332344796,156716
LLY,5000000000,fixed_80,double_gas_half_fees,19,True,True,True,True,True,True,,False,708618000,221245000,66000,333013338,142831855,78280
LLY,5000000000,fixed_160,double_gas_half_fees,5,True,True,True,True,True,True,,False,710157000,85275000,0,178447222,35448362,0
LLY,5000000000,adaptive_width,double_gas_half_fees,5,True,True,True,True,True,True,,False,702997000,85091000,0,173338952,35028090,0
LLY,5000000000,adaptive_economic,double_gas_half_fees,5,True,True,True,True,True,True,,False,400464000,88751000,0,156575386,38299127,0
LLY,5000000000,fixed_20,partial_mint_failure,228,True,True,True,True,True,True,,False,605920000,386796000,8713000,1538106193,1112457486,34628016
LLY,5000000000,fixed_40,partial_mint_failure,71,True,True,True,True,True,True,,False,686815000,297630000,25000,1138770122,627884198,317019
LLY,5000000000,fixed_80,partial_mint_failure,20,True,True,True,True,True,True,,False,698770000,213288000,66000,673371433,290241997,156561
LLY,5000000000,fixed_160,partial_mint_failure,5,True,True,True,True,True,True,,False,710157000,85694000,0,361286805,72347828,0
LLY,5000000000,adaptive_width,partial_mint_failure,83,True,True,True,True,True,True,,False,678059000,228386000,43000,971952111,533317406,12792
LLY,5000000000,adaptive_economic,partial_mint_failure,19,True,True,True,True,True,True,,False,665646000,118485000,0,633422870,326909931,0
LLY,1000000000,fixed_20,pinned_fork_costs,273,True,True,True,True,True,True,,False,686158000,195107000,0,535959929,222443069,0
LLY,1000000000,fixed_40,pinned_fork_costs,72,True,True,True,True,True,True,,False,704088000,55418000,0,296978847,39591028,0
LLY,1000000000,fixed_80,pinned_fork_costs,19,True,True,True,True,True,True,,False,708618000,91000,0,149405048,135200,0
LLY,1000000000,fixed_160,pinned_fork_costs,5,True,True,True,True,True,True,,False,710157000,66000,0,75680632,176200,0
LLY,1000000000,adaptive_width,pinned_fork_costs,109,True,True,True,True,True,True,,False,694173000,3697000,0,273339768,21161878,0
LLY,1000000000,adaptive_economic,pinned_fork_costs,16,True,True,True,True,True,True,,False,314591000,2687000,0,127256655,8692313,0
LLY,1000000000,fixed_20,double_gas_half_fees,273,True,True,True,True,True,True,,False,686158000,166396000,0,240593225,84274308,0
LLY,1000000000,fixed_40,double_gas_half_fees,72,True,True,True,True,True,True,,False,704088000,6846000,0,139267005,6028213,0
LLY,1000000000,fixed_80,double_gas_half_fees,19,True,True,True,True,True,True,,False,708618000,91000,0,72341086,67059,0
LLY,1000000000,fixed_160,double_gas_half_fees,5,True,True,True,True,True,True,,False,710157000,66000,0,37335032,87528,0
LLY,1000000000,adaptive_width,double_gas_half_fees,3,True,True,True,True,True,True,,False,702466000,0,0,36376580,50759,0
LLY,1000000000,adaptive_economic,double_gas_half_fees,1,True,True,True,True,True,True,,False,384956000,0,0,17455335,0,0
LLY,1000000000,fixed_20,partial_mint_failure,216,True,True,True,True,True,True,,False,601831000,131299000,0,380179849,130039714,0
LLY,1000000000,fixed_40,partial_mint_failure,71,True,True,True,True,True,True,,False,686815000,27272000,0,267842746,24642897,0
LLY,1000000000,fixed_80,partial_mint_failure,20,True,True,True,True,True,True,,False,698770000,91000,0,146816741,135200,0
LLY,1000000000,fixed_160,partial_mint_failure,5,True,True,True,True,True,True,,False,710157000,66000,0,75680632,176200,0
LLY,1000000000,adaptive_width,partial_mint_failure,93,True,True,True,True,True,True,,False,665772000,1954000,0,203341316,6128540,0
LLY,1000000000,adaptive_economic,partial_mint_failure,16,True,True,True,True,True,True,,False,312169000,2200000,0,116028898,5860260,0
LLY,250000000,fixed_20,pinned_fork_costs,273,True,True,True,True,True,True,,False,686158000,2000,0,145253104,170645,0
LLY,250000000,fixed_40,pinned_fork_costs,72,True,True,True,True,True,True,,False,704088000,0,0,77223201,0,0
LLY,250000000,fixed_80,pinned_fork_costs,19,True,True,True,True,True,True,,False,708406000,0,0,37994618,0,0
LLY,250000000,fixed_160,pinned_fork_costs,5,True,True,True,True,True,True,,False,710082000,0,0,19071071,0,0
LLY,250000000,adaptive_width,pinned_fork_costs,109,True,True,True,True,True,True,,False,694173000,0,0,70728477,0,0
LLY,250000000,adaptive_economic,pinned_fork_costs,4,True,True,True,True,True,True,,False,35349000,0,0,10277158,0,0
LLY,250000000,fixed_20,double_gas_half_fees,273,True,True,True,True,True,True,,False,686158000,2000,0,64116020,84352,0
LLY,250000000,fixed_40,double_gas_half_fees,72,True,True,True,True,True,True,,False,704088000,0,0,36026301,0,0
LLY,250000000,fixed_80,double_gas_half_fees,19,True,True,True,True,True,True,,False,708406000,0,0,18373877,0,0
LLY,250000000,fixed_160,double_gas_half_fees,5,True,True,True,True,True,True,,False,710082000,0,0,9405826,0,0
LLY,250000000,adaptive_width,double_gas_half_fees,3,True,True,True,True,True,True,,False,702466000,0,0,9178102,0,0
LLY,250000000,adaptive_economic,double_gas_half_fees,1,True,True,True,True,True,True,,False,384956000,0,0,4380391,0,0
LLY,250000000,fixed_20,partial_mint_failure,216,True,True,True,True,True,True,,False,591581000,0,0,96867127,113412,0
LLY,250000000,fixed_40,partial_mint_failure,71,True,True,True,True,True,True,,False,686815000,0,0,69626104,0,0
LLY,250000000,fixed_80,partial_mint_failure,20,True,True,True,True,True,True,,False,698558000,0,0,37322789,0,0
LLY,250000000,fixed_160,partial_mint_failure,5,True,True,True,True,True,True,,False,710082000,0,0,19071071,0,0
LLY,250000000,adaptive_width,partial_mint_failure,82,True,True,True,True,True,True,,False,670076000,0,0,49614754,0,0
LLY,250000000,adaptive_economic,partial_mint_failure,4,True,True,True,True,True,True,,False,35349000,0,0,10277158,0,0
NVDA,5000000000,fixed_20,pinned_fork_costs,1849,True,True,True,True,True,True,,False,3844868000,1676792000,420000,11220350620,4690660260,22042261
NVDA,5000000000,fixed_40,pinned_fork_costs,658,True,True,True,True,True,True,,False,3921474000,1427752000,0,7154677940,2451883593,0
NVDA,5000000000,fixed_80,pinned_fork_costs,199,True,True,True,True,True,True,,False,3946871000,334646000,0,3902417070,604587067,0
NVDA,5000000000,fixed_160,pinned_fork_costs,52,True,True,True,True,True,True,,False,3955154000,13291000,0,2024021910,36049742,0
NVDA,5000000000,adaptive_width,pinned_fork_costs,853,True,True,True,True,True,True,,False,3911885000,618045000,0,9956434066,3086490091,0
NVDA,5000000000,adaptive_economic,pinned_fork_costs,130,True,True,True,True,True,True,,False,696309000,147097000,0,2439012989,1254525162,0
NVDA,5000000000,fixed_20,double_gas_half_fees,1849,True,True,True,True,True,True,,False,3844868000,1566349000,420000,3487315485,1586159336,11009300
NVDA,5000000000,fixed_40,double_gas_half_fees,658,True,True,True,True,True,True,,False,3921474000,1318524000,0,2659913059,978820982,0
NVDA,5000000000,fixed_80,double_gas_half_fees,199,True,True,True,True,True,True,,False,3946871000,264612000,0,1651581077,245032356,0
NVDA,5000000000,fixed_160,double_gas_half_fees,52,True,True,True,True,True,True,,False,3955154000,12588000,0,929586276,16498676,0
NVDA,5000000000,adaptive_width,double_gas_half_fees,257,True,True,True,True,True,True,,False,3944251000,308953000,0,1940043648,884889252,0
NVDA,5000000000,adaptive_economic,double_gas_half_fees,31,True,True,True,True,True,True,,False,330409000,78250000,0,603516926,312775291,0
NVDA,5000000000,fixed_20,partial_mint_failure,1495,True,True,True,True,True,True,,False,3528751000,1529986000,420000,9512973473,3833710066,22042261
NVDA,5000000000,fixed_40,partial_mint_failure,611,True,True,True,True,True,True,,False,3786962000,1385018000,0,6493723589,2276567960,0
NVDA,5000000000,fixed_80,partial_mint_failure,209,True,True,True,True,True,True,,False,3905873000,327750000,0,3729434754,562738802,0
NVDA,5000000000,fixed_160,partial_mint_failure,61,True,True,True,True,True,True,,False,3945582000,13637000,0,2006925090,36420278,0
NVDA,5000000000,adaptive_width,partial_mint_failure,721,True,True,True,True,True,True,,False,3753632000,395772000,0,7368731792,2023911397,0
NVDA,5000000000,adaptive_economic,partial_mint_failure,131,True,True,True,True,True,True,,False,748004000,139521000,0,1994926412,1007714246,0
NVDA,1000000000,fixed_20,pinned_fork_costs,1849,True,True,True,True,True,True,,False,3844868000,161441000,0,3037457786,212261489,0
NVDA,1000000000,fixed_40,pinned_fork_costs,658,True,True,True,True,True,True,,False,3921474000,470000,0,1662741822,5071240,0
NVDA,1000000000,fixed_80,pinned_fork_costs,199,True,True,True,True,True,True,,False,3946871000,0,0,832967152,0,0
NVDA,1000000000,fixed_160,pinned_fork_costs,52,True,True,True,True,True,True,,False,3955154000,0,0,416174757,0,0
NVDA,1000000000,adaptive_width,pinned_fork_costs,1030,True,True,True,True,True,True,,False,3899582000,96776000,0,2553016324,224625332,0
NVDA,1000000000,adaptive_economic,pinned_fork_costs,108,True,True,True,True,True,True,,False,450959000,17199000,0,627958605,79321927,0
NVDA,1000000000,fixed_20,double_gas_half_fees,1423,True,True,True,True,True,True,1787837715000,True,2595171000,34369000,0,653047033,29364893,0
NVDA,1000000000,fixed_40,double_gas_half_fees,658,True,True,True,True,True,True,,False,3921474000,470000,0,591696664,2532121,0
NVDA,1000000000,fixed_80,double_gas_half_fees,199,True,True,True,True,True,True,,False,3946871000,0,0,348161662,0,0
NVDA,1000000000,fixed_160,double_gas_half_fees,52,True,True,True,True,True,True,,False,3955154000,0,0,190573245,0,0
NVDA,1000000000,adaptive_width,double_gas_half_fees,276,True,True,True,True,True,True,,False,3943588000,7429000,0,387152573,2947158,0
NVDA,1000000000,adaptive_economic,double_gas_half_fees,8,True,True,True,True,True,True,,False,1051782000,0,0,108209049,0,0
NVDA,1000000000,fixed_20,partial_mint_failure,1459,True,True,True,True,True,True,,False,3515962000,177128000,0,2493641758,237771547,0
NVDA,1000000000,fixed_40,partial_mint_failure,611,True,True,True,True,True,True,,False,3783256000,470000,0,1496954454,5071240,0
NVDA,1000000000,fixed_80,partial_mint_failure,203,True,True,True,True,True,True,,False,3906154000,0,0,795457174,0,0
NVDA,1000000000,fixed_160,partial_mint_failure,61,True,True,True,True,True,True,,False,3945340000,0,0,412632314,0,0
NVDA,1000000000,adaptive_width,partial_mint_failure,805,True,True,True,True,True,True,,False,3721018000,79446000,0,1877741468,153498589,0
NVDA,1000000000,adaptive_economic,partial_mint_failure,103,True,True,True,True,True,True,,False,525140000,19185000,0,455528813,73950406,0
NVDA,250000000,fixed_20,pinned_fork_costs,1849,True,True,True,True,True,True,,False,3844868000,0,0,825838910,0,0
NVDA,250000000,fixed_40,pinned_fork_costs,658,True,True,True,True,True,True,,False,3921474000,0,0,430342649,0,0
NVDA,250000000,fixed_80,pinned_fork_costs,199,True,True,True,True,True,True,,False,3946871000,0,0,211062201,0,0
NVDA,250000000,fixed_160,pinned_fork_costs,52,True,True,True,True,True,True,,False,3955154000,0,0,104610086,0,0
NVDA,250000000,adaptive_width,pinned_fork_costs,1035,True,True,True,True,True,True,,False,3899768000,0,0,666805514,0,0
NVDA,250000000,adaptive_economic,pinned_fork_costs,31,True,True,True,True,True,True,,False,256586000,0,0,95172736,0,0
NVDA,250000000,fixed_20,double_gas_half_fees,439,True,True,True,True,True,True,1785763747000,True,535823000,0,0,41602523,0,0
NVDA,250000000,fixed_40,double_gas_half_fees,475,True,True,True,True,True,True,1787779397000,True,2882658000,0,0,110248159,0,0
NVDA,250000000,fixed_80,double_gas_half_fees,199,True,True,True,True,True,True,,False,3946871000,0,0,87977807,0,0
NVDA,250000000,fixed_160,double_gas_half_fees,52,True,True,True,True,True,True,,False,3955154000,0,0,47873994,0,0
NVDA,250000000,adaptive_width,double_gas_half_fees,270,True,True,True,True,True,True,,False,3944239000,0,0,97882857,0,0
NVDA,250000000,adaptive_economic,double_gas_half_fees,1,True,True,True,True,True,True,,False,336617000,0,0,4940374,0,0
NVDA,250000000,fixed_20,partial_mint_failure,1435,True,True,True,True,True,True,,False,3508026000,0,0,668590545,0,0
NVDA,250000000,fixed_40,partial_mint_failure,605,True,True,True,True,True,True,,False,3784808000,0,0,387558514,0,0
NVDA,250000000,fixed_80,partial_mint_failure,203,True,True,True,True,True,True,,False,3906010000,0,0,201440810,0,0
NVDA,250000000,fixed_160,partial_mint_failure,61,True,True,True,True,True,True,,False,3945279000,0,0,103720535,0,0
NVDA,250000000,adaptive_width,partial_mint_failure,865,True,True,True,True,True,True,,False,3699168000,0,0,503825233,0,0
NVDA,250000000,adaptive_economic,partial_mint_failure,29,True,True,True,True,True,True,,False,225195000,0,0,78539155,0,0
QQQ,5000000000,fixed_20,pinned_fork_costs,104,True,True,True,True,True,True,,False,1124417000,448819000,67135000,2969037781,2566495492,285129903
QQQ,5000000000,fixed_40,pinned_fork_costs,29,True,True,True,True,True,True,,False,1130850000,371145000,36115000,1712417544,1165084870,180683057
QQQ,5000000000,fixed_80,pinned_fork_costs,10,True,True,True,True,True,True,,False,1133000000,226847000,4278000,1010598188,549700807,122336017
QQQ,5000000000,fixed_160,pinned_fork_costs,3,True,True,True,True,True,True,,False,1128797000,84073000,1419000,556588052,193005564,14534782
QQQ,5000000000,adaptive_width,pinned_fork_costs,9,True,True,True,True,True,True,,False,1092143000,188787000,6784000,919377956,531875773,130894037
QQQ,5000000000,adaptive_economic,pinned_fork_costs,6,True,True,True,True,True,True,,False,387450000,128562000,7461000,837634520,479415627,137438532
QQQ,5000000000,fixed_20,double_gas_half_fees,102,True,True,True,True,True,True,,False,1124595000,438692000,67111000,1355319407,1154594593,142406627
QQQ,5000000000,fixed_40,double_gas_half_fees,28,True,True,True,True,True,True,,False,1131408000,361846000,36625000,854906155,591299311,133016692
QQQ,5000000000,fixed_80,double_gas_half_fees,10,True,True,True,True,True,True,,False,1133000000,226847000,4278000,489836011,269890026,61168011
QQQ,5000000000,fixed_160,double_gas_half_fees,3,True,True,True,True,True,True,,False,1128797000,84073000,1419000,274242421,96502786,7267388
QQQ,5000000000,adaptive_width,double_gas_half_fees,28,True,True,True,True,True,True,,False,1089109000,91062000,4834000,392500804,128000289,62018667
QQQ,5000000000,adaptive_economic,double_gas_half_fees,5,True,True,True,True,True,True,,False,680304000,90738000,4247000,299887201,137860248,64820217
QQQ,5000000000,fixed_20,partial_mint_failure,111,True,True,True,True,True,True,,False,1104603000,433831000,64682000,2855536725,2468784640,261579494
QQQ,5000000000,fixed_40,partial_mint_failure,37,True,True,True,True,True,True,,False,1126047000,368124000,34637000,1678771229,1133058639,155074655
QQQ,5000000000,fixed_80,partial_mint_failure,11,True,True,True,True,True,True,,False,1132355000,226847000,4278000,1010324243,549700807,122336017
QQQ,5000000000,fixed_160,partial_mint_failure,3,True,True,True,True,True,True,,False,1128797000,84073000,1419000,556588052,193005564,14534782
QQQ,5000000000,adaptive_width,partial_mint_failure,33,True,True,True,True,True,True,,False,1084176000,186666000,6784000,905065416,379133875,130894037
QQQ,5000000000,adaptive_economic,partial_mint_failure,7,True,True,True,True,True,True,,False,679633000,92061000,7461000,629272753,297306352,137438532
QQQ,1000000000,fixed_20,pinned_fork_costs,118,True,True,True,True,True,True,,False,1124307000,238885000,3767000,920194689,456340700,60650392
QQQ,1000000000,fixed_40,pinned_fork_costs,34,True,True,True,True,True,True,,False,1131354000,70194000,0,509022398,148703805,0
QQQ,1000000000,fixed_80,pinned_fork_costs,8,True,True,True,True,True,True,,False,1133303000,36741000,0,254275790,75576415,0
QQQ,1000000000,fixed_160,pinned_fork_costs,3,True,True,True,True,True,True,,False,1133470000,4313000,0,131495781,33065709,0
QQQ,1000000000,adaptive_width,pinned_fork_costs,56,True,True,True,True,True,True,,False,1117938000,150479000,3769000,433663356,230337067,60400608
QQQ,1000000000,adaptive_economic,pinned_fork_costs,21,True,True,True,True,True,True,,False,327102000,140597000,1791000,554002545,256896202,30882493
QQQ,1000000000,fixed_20,double_gas_half_fees,118,True,True,True,True,True,True,,False,1124307000,210205000,2459000,393352366,145356980,24991834
QQQ,1000000000,fixed_40,double_gas_half_fees,34,True,True,True,True,True,True,,False,1131354000,68320000,0,232559391,71830199,0
QQQ,1000000000,fixed_80,double_gas_half_fees,8,True,True,True,True,True,True,,False,1133303000,36741000,0,121829521,37535910,0
QQQ,1000000000,fixed_160,double_gas_half_fees,3,True,True,True,True,True,True,,False,1133470000,4313000,0,64681434,16532845,0
QQQ,1000000000,adaptive_width,double_gas_half_fees,39,True,True,True,True,True,True,,False,1116591000,30809000,1000,112844121,37917005,243677
QQQ,1000000000,adaptive_economic,double_gas_half_fees,9,True,True,True,True,True,True,,False,191830000,34337000,1000,139872730,40946584,243677
QQQ,1000000000,fixed_20,partial_mint_failure,123,True,True,True,True,True,True,,False,1100487000,226532000,2238000,850810908,414081738,46773016
QQQ,1000000000,fixed_40,partial_mint_failure,43,True,True,True,True,True,True,,False,1125704000,68282000,0,486133824,129955001,0
QQQ,1000000000,fixed_80,partial_mint_failure,10,True,True,True,True,True,True,,False,1132463000,36741000,0,254267900,75576415,0
QQQ,1000000000,fixed_160,partial_mint_failure,3,True,True,True,True,True,True,,False,1133470000,4313000,0,131495781,33065709,0
QQQ,1000000000,adaptive_width,partial_mint_failure,67,True,True,True,True,True,True,,False,1097868000,131461000,3788000,430936604,218084676,71672789
QQQ,1000000000,adaptive_economic,partial_mint_failure,21,True,True,True,True,True,True,,False,331597000,128653000,1720000,570383975,270826939,29970292
QQQ,250000000,fixed_20,pinned_fork_costs,118,True,True,True,True,True,True,,False,1124307000,35816000,0,280514475,51968212,0
QQQ,250000000,fixed_40,pinned_fork_costs,34,True,True,True,True,True,True,,False,1131354000,4228000,0,146033959,29266686,0
QQQ,250000000,fixed_80,pinned_fork_costs,8,True,True,True,True,True,True,,False,1133303000,1419000,0,68351582,2637748,0
QQQ,250000000,fixed_160,pinned_fork_costs,3,True,True,True,True,True,True,,False,1133470000,0,0,34237361,0,0
QQQ,250000000,adaptive_width,pinned_fork_costs,82,True,True,True,True,True,True,,False,1116424000,22933000,0,234056396,48287279,0
QQQ,250000000,adaptive_economic,pinned_fork_costs,10,True,True,True,True,True,True,,False,177190000,18614000,0,122957557,36671191,0
QQQ,250000000,fixed_20,double_gas_half_fees,118,True,True,True,True,True,True,,False,1124307000,35784000,0,115638921,24572840,0
QQQ,250000000,fixed_40,double_gas_half_fees,34,True,True,True,True,True,True,,False,1131354000,4227000,0,65760418,14151437,0
QQQ,250000000,fixed_80,double_gas_half_fees,8,True,True,True,True,True,True,,False,1133303000,1419000,0,32648170,1318870,0
QQQ,250000000,fixed_160,double_gas_half_fees,3,True,True,True,True,True,True,,False,1133470000,0,0,16834724,0,0
QQQ,250000000,adaptive_width,double_gas_half_fees,47,True,True,True,True,True,True,,False,1116615000,16396000,0,32900669,7697591,0
QQQ,250000000,adaptive_economic,double_gas_half_fees,2,True,True,True,True,True,True,,False,123797000,15404000,0,17808570,6440584,0
QQQ,250000000,fixed_20,partial_mint_failure,117,True,True,True,True,True,True,,False,1097684000,32480000,0,221239273,24330461,0
QQQ,250000000,fixed_40,partial_mint_failure,43,True,True,True,True,True,True,,False,1125704000,3006000,0,137662603,22652219,0
QQQ,250000000,fixed_80,partial_mint_failure,10,True,True,True,True,True,True,,False,1132463000,1419000,0,68349666,2637748,0
QQQ,250000000,fixed_160,partial_mint_failure,3,True,True,True,True,True,True,,False,1133470000,0,0,34237361,0,0
QQQ,250000000,adaptive_width,partial_mint_failure,64,True,True,True,True,True,True,,False,1098750000,19597000,0,118052438,20904456,0
QQQ,250000000,adaptive_economic,partial_mint_failure,10,True,True,True,True,True,True,,False,176532000,18001000,0,122725912,36475527,0
SGOV,5000000000,fixed_20,pinned_fork_costs,17,True,True,True,True,True,True,,False,839044000,145913000,44000,466950195,309190667,3522313
SGOV,5000000000,fixed_40,pinned_fork_costs,5,True,True,True,True,True,True,,False,840861000,136435000,36000,273990543,173279085,766232
SGOV,5000000000,fixed_80,pinned_fork_costs,1,True,True,True,True,True,True,,False,841024000,9801000,34000,147119335,31781439,396092
SGOV,5000000000,fixed_160,pinned_fork_costs,1,True,True,True,True,True,True,,False,840993000,489000,32000,76389648,7005854,90925
SGOV,5000000000,adaptive_width,pinned_fork_costs,2,True,True,True,True,True,True,,False,825346000,2080000,32000,61976429,13026308,90938
SGOV,5000000000,adaptive_economic,pinned_fork_costs,2,True,True,True,True,True,True,,False,389891000,120438000,0,197076727,117271756,0
SGOV,5000000000,fixed_20,double_gas_half_fees,17,True,True,True,True,True,True,,False,839044000,145913000,44000,230217008,152834833,1759119
SGOV,5000000000,fixed_40,double_gas_half_fees,5,True,True,True,True,True,True,,False,840861000,134316000,36000,136645952,86117467,383116
SGOV,5000000000,fixed_80,double_gas_half_fees,1,True,True,True,True,True,True,,False,841024000,9801000,34000,73559667,15890722,198046
SGOV,5000000000,fixed_160,double_gas_half_fees,1,True,True,True,True,True,True,,False,840993000,489000,32000,38194823,3502932,45463
SGOV,5000000000,adaptive_width,double_gas_half_fees,2,True,True,True,True,True,True,,False,825346000,2080000,32000,30949525,6512303,45466
SGOV,5000000000,adaptive_economic,double_gas_half_fees,2,True,True,True,True,True,True,,False,782461000,120783000,36000,66357181,36407481,338899
SGOV,5000000000,fixed_20,partial_mint_failure,22,True,True,True,True,True,True,,False,835148000,143525000,44000,457351536,300165289,3522313
SGOV,5000000000,fixed_40,partial_mint_failure,5,True,True,True,True,True,True,,False,840861000,136435000,36000,273990543,173279085,766232
SGOV,5000000000,fixed_80,partial_mint_failure,1,True,True,True,True,True,True,,False,841024000,9801000,34000,147119335,31781439,396092
SGOV,5000000000,fixed_160,partial_mint_failure,1,True,True,True,True,True,True,,False,840993000,489000,32000,76389648,7005854,90925
SGOV,5000000000,adaptive_width,partial_mint_failure,2,True,True,True,True,True,True,,False,825346000,2080000,32000,61976429,13026308,90938
SGOV,5000000000,adaptive_economic,partial_mint_failure,2,True,True,True,True,True,True,,False,389891000,120438000,0,197076727,117271756,0
SGOV,1000000000,fixed_20,pinned_fork_costs,19,True,True,True,True,True,True,,False,839184000,822000,0,114783845,12497206,0
SGOV,1000000000,fixed_40,pinned_fork_costs,7,True,True,True,True,True,True,,False,840754000,112000,0,61392987,2039786,0
SGOV,1000000000,fixed_80,pinned_fork_costs,1,True,True,True,True,True,True,,False,841024000,36000,32000,31343637,253696,85390
SGOV,1000000000,fixed_160,pinned_fork_costs,1,True,True,True,True,True,True,,False,841512000,38000,32000,17183493,162035,77558
SGOV,1000000000,adaptive_width,pinned_fork_costs,11,True,True,True,True,True,True,,False,792915000,318000,30000,71754758,3197617,92452
SGOV,1000000000,adaptive_economic,pinned_fork_costs,2,True,True,True,True,True,True,,False,290125000,14000,0,27427103,505938,0
SGOV,1000000000,fixed_20,double_gas_half_fees,19,True,True,True,True,True,True,,False,839184000,822000,0,56125653,6168092,0
SGOV,1000000000,fixed_40,double_gas_half_fees,7,True,True,True,True,True,True,,False,840754000,112000,0,30389140,1018186,0
SGOV,1000000000,fixed_80,double_gas_half_fees,1,True,True,True,True,True,True,,False,841024000,36000,32000,15671818,126848,42695
SGOV,1000000000,fixed_160,double_gas_half_fees,1,True,True,True,True,True,True,,False,841512000,38000,32000,8591746,81018,38780
SGOV,1000000000,adaptive_width,double_gas_half_fees,11,True,True,True,True,True,True,,False,792915000,318000,30000,35412419,1570063,46215
SGOV,1000000000,adaptive_economic,double_gas_half_fees,1,True,True,True,True,True,True,,False,747682000,32000,30000,25687036,182776,46209
SGOV,1000000000,fixed_20,partial_mint_failure,22,True,True,True,True,True,True,,False,837150000,822000,0,112379725,12388700,0
SGOV,1000000000,fixed_40,partial_mint_failure,7,True,True,True,True,True,True,,False,839670000,112000,0,61306627,2039786,0
SGOV,1000000000,fixed_80,partial_mint_failure,1,True,True,True,True,True,True,,False,841024000,36000,32000,31343637,253696,85390
SGOV,1000000000,fixed_160,partial_mint_failure,1,True,True,True,True,True,True,,False,841512000,38000,32000,17183493,162035,77558
SGOV,1000000000,adaptive_width,partial_mint_failure,13,True,True,True,True,True,True,,False,791078000,318000,30000,71699333,3197604,92452
SGOV,1000000000,adaptive_economic,partial_mint_failure,2,True,True,True,True,True,True,,False,290125000,14000,0,27427103,505938,0
SGOV,250000000,fixed_20,pinned_fork_costs,19,True,True,True,True,True,True,,False,839184000,0,0,30028447,0,0
SGOV,250000000,fixed_40,pinned_fork_costs,7,True,True,True,True,True,True,,False,840760000,36000,32000,15820239,152439,77998
SGOV,250000000,fixed_80,pinned_fork_costs,1,True,True,True,True,True,True,,False,841024000,32000,32000,7980809,65479,65479
SGOV,250000000,fixed_160,pinned_fork_costs,1,True,True,True,True,True,True,,False,841512000,32000,32000,4359265,50005,50005
SGOV,250000000,adaptive_width,pinned_fork_costs,11,True,True,True,True,True,True,,False,795964000,32000,30000,19578473,189610,85548
SGOV,250000000,adaptive_economic,pinned_fork_costs,2,True,True,True,True,True,True,,False,293174000,0,0,7915525,0,0
SGOV,250000000,fixed_20,double_gas_half_fees,19,True,True,True,True,True,True,,False,839184000,0,0,14655468,0,0
SGOV,250000000,fixed_40,double_gas_half_fees,7,True,True,True,True,True,True,,False,840760000,34000,32000,7825507,57096,38882
SGOV,250000000,fixed_80,double_gas_half_fees,1,True,True,True,True,True,True,,False,841024000,32000,32000,3990404,32739,32739
SGOV,250000000,fixed_160,double_gas_half_fees,1,True,True,True,True,True,True,,False,841512000,32000,32000,2179632,25001,25001
SGOV,250000000,adaptive_width,double_gas_half_fees,11,True,True,True,True,True,True,,False,795964000,32000,30000,9645491,94283,42728
SGOV,250000000,adaptive_economic,double_gas_half_fees,2,True,True,True,True,True,True,,False,293174000,0,0,3944469,0,0
SGOV,250000000,fixed_20,partial_mint_failure,22,True,True,True,True,True,True,,False,837150000,0,0,29402222,0,0
SGOV,250000000,fixed_40,partial_mint_failure,7,True,True,True,True,True,True,,False,839676000,36000,32000,15797890,152439,77998
SGOV,250000000,fixed_80,partial_mint_failure,1,True,True,True,True,True,True,,False,841024000,32000,32000,7980809,65479,65479
SGOV,250000000,fixed_160,partial_mint_failure,1,True,True,True,True,True,True,,False,841512000,32000,32000,4359265,50005,50005
SGOV,250000000,adaptive_width,partial_mint_failure,13,True,True,True,True,True,True,,False,794127000,32000,30000,19564472,189610,85548
SGOV,250000000,adaptive_economic,partial_mint_failure,2,True,True,True,True,True,True,,False,293174000,0,0,7915525,0,0
SLV,5000000000,fixed_20,pinned_fork_costs,266,True,True,True,True,True,True,,False,535099000,460536000,131731000,576827186,546809592,92231753
SLV,5000000000,fixed_40,pinned_fork_costs,85,True,True,True,True,True,True,,False,581451000,411390000,119280000,415077269,313993540,45940625
SLV,5000000000,fixed_80,pinned_fork_costs,19,True,True,True,True,True,True,,False,551578000,238625000,76374000,230788350,99915812,16305160
SLV,5000000000,fixed_160,pinned_fork_costs,2,True,True,True,True,True,True,,False,483320000,106680000,109000,115525851,31941915,20316
SLV,5000000000,adaptive_width,pinned_fork_costs,11,True,True,True,True,True,True,,False,461601000,100042000,2615000,97695720,26139741,4292878
SLV,5000000000,adaptive_economic,pinned_fork_costs,1,True,True,True,True,True,True,,False,429528000,71047000,0,84012207,12798422,0
SLV,5000000000,fixed_20,double_gas_half_fees,266,True,True,True,True,True,True,,False,535099000,458371000,120490000,282758294,266287238,41908853
SLV,5000000000,fixed_40,double_gas_half_fees,85,True,True,True,True,True,True,,False,581451000,409074000,117014000,204768234,154097333,22074618
SLV,5000000000,fixed_80,double_gas_half_fees,19,True,True,True,True,True,True,,False,551578000,238625000,76374000,114508718,49511850,8090191
SLV,5000000000,fixed_160,double_gas_half_fees,2,True,True,True,True,True,True,,False,483320000,106680000,109000,57696350,15922000,10156
SLV,5000000000,adaptive_width,double_gas_half_fees,8,True,True,True,True,True,True,,False,461963000,100037000,2615000,48230682,12332444,2139986
SLV,5000000000,adaptive_economic,double_gas_half_fees,1,True,True,True,True,True,True,,False,429528000,71047000,0,42006103,6399208,0
SLV,5000000000,fixed_20,partial_mint_failure,230,True,True,True,True,True,True,,False,464758000,391123000,117306000,473989477,443323307,65876613
SLV,5000000000,fixed_40,partial_mint_failure,87,True,True,True,True,True,True,,False,542851000,374287000,107635000,392353093,294278778,38963461
SLV,5000000000,fixed_80,partial_mint_failure,20,True,True,True,True,True,True,,False,553502000,240871000,82499000,231752095,101064741,18651090
SLV,5000000000,fixed_160,partial_mint_failure,2,True,True,True,True,True,True,,False,483320000,106680000,109000,115525851,31941915,20316
SLV,5000000000,adaptive_width,partial_mint_failure,11,True,True,True,True,True,True,,False,460945000,99386000,778000,96233811,24677694,1939659
SLV,5000000000,adaptive_economic,partial_mint_failure,1,True,True,True,True,True,True,,False,429528000,71047000,0,84012207,12798422,0
SLV,1000000000,fixed_20,pinned_fork_costs,266,True,True,True,True,True,True,,False,533797000,222516000,78089000,164252066,67617329,18656254
SLV,1000000000,fixed_40,pinned_fork_costs,89,True,True,True,True,True,True,,False,582545000,195304000,18501000,110743364,42384615,2328321
SLV,1000000000,fixed_80,pinned_fork_costs,23,True,True,True,True,True,True,,False,596603000,127685000,19313000,63198699,17331911,1738328
SLV,1000000000,fixed_160,pinned_fork_costs,6,True,True,True,True,True,True,,False,601670000,122999000,130000,34243201,9996313,28254
SLV,1000000000,adaptive_width,pinned_fork_costs,16,True,True,True,True,True,True,,False,546937000,92364000,0,33699718,6042926,0
SLV,1000000000,adaptive_economic,pinned_fork_costs,4,True,True,True,True,True,True,,False,181494000,58881000,1873000,44462654,9525353,171066
SLV,1000000000,fixed_20,double_gas_half_fees,266,True,True,True,True,True,True,,False,533797000,221549000,77713000,79518255,32086592,8882610
SLV,1000000000,fixed_40,double_gas_half_fees,89,True,True,True,True,True,True,,False,582545000,194974000,18501000,54226004,20606197,1143222
SLV,1000000000,fixed_80,double_gas_half_fees,23,True,True,True,True,True,True,,False,596603000,127685000,778000,31249644,8508995,58174
SLV,1000000000,fixed_160,double_gas_half_fees,6,True,True,True,True,True,True,,False,601670000,122999000,130000,17050353,4943509,14127
SLV,1000000000,adaptive_width,double_gas_half_fees,5,True,True,True,True,True,True,,False,547986000,89678000,0,12197315,2565596,0
SLV,1000000000,adaptive_economic,double_gas_half_fees,3,True,True,True,True,True,True,,False,450236000,52834000,0,9991973,1685915,0
SLV,1000000000,fixed_20,partial_mint_failure,218,True,True,True,True,True,True,,False,443423000,153413000,44958000,117985481,37482048,8618727
SLV,1000000000,fixed_40,partial_mint_failure,87,True,True,True,True,True,True,,False,554947000,173668000,18059000,102660248,37290258,2183948
SLV,1000000000,fixed_80,partial_mint_failure,28,True,True,True,True,True,True,,False,589982000,123569000,18696000,62672688,17310391,1715773
SLV,1000000000,fixed_160,partial_mint_failure,7,True,True,True,True,True,True,,False,601006000,122335000,130000,34148498,9901610,28254
SLV,1000000000,adaptive_width,partial_mint_failure,13,True,True,True,True,True,True,,False,541575000,87685000,0,28072816,5281483,0
SLV,1000000000,adaptive_economic,partial_mint_failure,4,True,True,True,True,True,True,,False,181494000,58881000,1873000,44462654,9525353,171066
SLV,250000000,fixed_20,pinned_fork_costs,266,True,True,True,True,True,True,,False,535099000,99343000,0,48743644,11178077,0
SLV,250000000,fixed_40,pinned_fork_costs,89,True,True,True,True,True,True,,False,582545000,112791000,130000,31689150,8614456,28240
SLV,250000000,fixed_80,pinned_fork_costs,23,True,True,True,True,True,True,,False,596603000,79638000,130000,17339831,3950949,24132
SLV,250000000,fixed_160,pinned_fork_costs,6,True,True,True,True,True,True,,False,601670000,20191000,130000,9067576,455028,18707
SLV,250000000,adaptive_width,pinned_fork_costs,17,True,True,True,True,True,True,,False,546764000,21670000,0,9910642,560383,0
SLV,250000000,adaptive_economic,pinned_fork_costs,1,True,True,True,True,True,True,,False,175748000,1081000,0,12073449,72205,0
SLV,250000000,fixed_20,double_gas_half_fees,266,True,True,True,True,True,True,,False,535099000,96940000,0,23358416,5098693,0
SLV,250000000,fixed_40,double_gas_half_fees,89,True,True,True,True,True,True,,False,582545000,112791000,130000,15420111,4123976,14120
SLV,250000000,fixed_80,double_gas_half_fees,23,True,True,True,True,True,True,,False,596603000,79638000,130000,8549886,1926302,12065
SLV,250000000,fixed_160,double_gas_half_fees,6,True,True,True,True,True,True,,False,601670000,20191000,130000,4510148,224357,9353
SLV,250000000,adaptive_width,double_gas_half_fees,4,True,True,True,True,True,True,,False,527961000,12000,0,2948562,0,0
SLV,250000000,adaptive_economic,double_gas_half_fees,1,True,True,True,True,True,True,,False,410120000,0,0,2165407,0,0
SLV,250000000,fixed_20,partial_mint_failure,218,True,True,True,True,True,True,,False,459519000,73628000,0,36723652,8687743,0
SLV,250000000,fixed_40,partial_mint_failure,93,True,True,True,True,True,True,,False,562034000,100802000,130000,29403993,7304636,28240
SLV,250000000,fixed_80,partial_mint_failure,28,True,True,True,True,True,True,,False,587807000,77382000,130000,17212558,3874606,24132
SLV,250000000,fixed_160,partial_mint_failure,7,True,True,True,True,True,True,,False,601006000,20191000,130000,9040281,454955,18707
SLV,250000000,adaptive_width,partial_mint_failure,15,True,True,True,True,True,True,,False,551863000,21670000,0,8032702,556902,0
SLV,250000000,adaptive_economic,partial_mint_failure,1,True,True,True,True,True,True,,False,175748000,1081000,0,12073449,72205,0
SPCX,5000000000,fixed_20,pinned_fork_costs,2926,True,True,True,True,True,True,1787233748000,True,1882289000,1739653000,152519000,3277156387,3265432188,592154546
SPCX,5000000000,fixed_40,pinned_fork_costs,1896,True,True,True,True,True,True,,False,3834962000,1895828000,26608000,5760204032,3561100807,127685788
SPCX,5000000000,fixed_80,pinned_fork_costs,639,True,True,True,True,True,True,,False,3914605000,1950081000,15065000,5466930867,3361831561,96420874
SPCX,5000000000,fixed_160,pinned_fork_costs,187,True,True,True,True,True,True,,False,3913794000,1405935000,3647000,4011043288,2038883263,20374841
SPCX,5000000000,adaptive_width,pinned_fork_costs,1190,True,True,True,True,True,True,,False,3844992000,1367994000,26818000,5940880727,4056197736,171441450
SPCX,5000000000,adaptive_economic,pinned_fork_costs,170,True,True,True,True,True,True,,False,938817000,408202000,13416000,4797891224,3132054733,9559174
SPCX,5000000000,fixed_20,double_gas_half_fees,1627,True,True,True,True,True,True,1786131263000,True,796503000,793451000,111991000,1052253338,1051635409,208137287
SPCX,5000000000,fixed_40,double_gas_half_fees,1432,True,True,True,True,True,True,1787240724000,True,1950988000,1391838000,19320000,1491186504,1343762141,48143344
SPCX,5000000000,fixed_80,double_gas_half_fees,646,True,True,True,True,True,True,,False,3914796000,1574882000,7958000,2027877101,1312260251,33845033
SPCX,5000000000,fixed_160,double_gas_half_fees,193,True,True,True,True,True,True,,False,3926675000,1064575000,1836000,1665904433,791581778,5156866
SPCX,5000000000,adaptive_width,double_gas_half_fees,441,True,True,True,True,True,True,,False,3907104000,965148000,17345000,2107647820,1128446438,61778969
SPCX,5000000000,adaptive_economic,double_gas_half_fees,63,True,True,True,True,True,True,,False,575051000,134433000,0,843439409,535088957,0
SPCX,5000000000,fixed_20,partial_mint_failure,2335,True,True,True,True,True,True,,False,2962022000,1666265000,303728000,6215151775,3433292545,715746296
SPCX,5000000000,fixed_40,partial_mint_failure,1245,True,True,True,True,True,True,,False,3453144000,1948118000,73365000,5977408364,3264451300,141451353
SPCX,5000000000,fixed_80,partial_mint_failure,579,True,True,True,True,True,True,,False,3744762000,1927016000,19406000,5212052711,2974806982,112921065
SPCX,5000000000,fixed_160,partial_mint_failure,196,True,True,True,True,True,True,,False,3853294000,1388297000,3866000,3720969431,1863175611,21445883
SPCX,5000000000,adaptive_width,partial_mint_failure,730,True,True,True,True,True,True,,False,3649520000,1716264000,16578000,6906929786,3763624581,102578569
SPCX,5000000000,adaptive_economic,partial_mint_failure,129,True,True,True,True,True,True,,False,921101000,384097000,13416000,3893655792,2298494098,9559035
SPCX,1000000000,fixed_20,pinned_fork_costs,1523,True,True,True,True,True,True,1786107959000,True,772808000,441722000,2677000,799088081,651858805,10162383
SPCX,1000000000,fixed_40,pinned_fork_costs,1897,True,True,True,True,True,True,,False,3835059000,506900000,0,1928665302,492689683,0
SPCX,1000000000,fixed_80,pinned_fork_costs,665,True,True,True,True,True,True,,False,3917410000,153039000,0,1508638567,163184776,0
SPCX,1000000000,fixed_160,pinned_fork_costs,209,True,True,True,True,True,True,,False,3945308000,45897000,0,940488360,64365904,0
SPCX,1000000000,adaptive_width,pinned_fork_costs,1607,True,True,True,True,True,True,1786714541000,True,1432981000,434518000,1698000,789650937,500844510,17412891
SPCX,1000000000,adaptive_economic,pinned_fork_costs,320,True,True,True,True,True,True,,False,773850000,170158000,0,1393758238,271658103,0
SPCX,1000000000,fixed_20,double_gas_half_fees,932,True,True,True,True,True,True,1785874219000,True,585183000,394485000,0,265773631,243157912,0
SPCX,1000000000,fixed_40,double_gas_half_fees,757,True,True,True,True,True,True,1786097401000,True,845644000,269897000,0,297360612,129401422,0
SPCX,1000000000,fixed_80,double_gas_half_fees,665,True,True,True,True,True,True,,False,3917410000,77737000,0,518831565,46113255,0
SPCX,1000000000,fixed_160,double_gas_half_fees,209,True,True,True,True,True,True,,False,3945308000,28778000,0,378266601,24307168,0
SPCX,1000000000,adaptive_width,double_gas_half_fees,668,True,True,True,True,True,True,,False,3914073000,89673000,59000,473169388,102129983,582838
SPCX,1000000000,adaptive_economic,double_gas_half_fees,56,True,True,True,True,True,True,,False,307265000,18764000,0,200870590,31188819,0
SPCX,1000000000,fixed_20,partial_mint_failure,2263,True,True,True,True,True,True,,False,2929318000,1108519000,2113000,2176676275,850980650,6098245
SPCX,1000000000,fixed_40,partial_mint_failure,1191,True,True,True,True,True,True,,False,3416136000,672394000,0,1995389042,519436666,0
SPCX,1000000000,fixed_80,partial_mint_failure,591,True,True,True,True,True,True,,False,3750427000,147769000,0,1395359042,118521278,0
SPCX,1000000000,fixed_160,partial_mint_failure,214,True,True,True,True,True,True,,False,3887717000,58249000,0,952841541,59775757,0
SPCX,1000000000,adaptive_width,partial_mint_failure,1316,True,True,True,True,True,True,,False,3364760000,401458000,445000,1631829538,378452114,1545688
SPCX,1000000000,adaptive_economic,partial_mint_failure,257,True,True,True,True,True,True,,False,793454000,173908000,0,1073709792,251686524,0
SPCX,250000000,fixed_20,pinned_fork_costs,793,True,True,True,True,True,True,1785816751000,True,557334000,4962000,0,156734281,1290281,0
SPCX,250000000,fixed_40,pinned_fork_costs,652,True,True,True,True,True,True,1786022338000,True,777087000,8821000,0,180995877,13582025,0
SPCX,250000000,fixed_80,pinned_fork_costs,670,True,True,True,True,True,True,,False,3917209000,3902000,0,420270696,5680541,0
SPCX,250000000,fixed_160,pinned_fork_costs,208,True,True,True,True,True,True,,False,3945481000,0,0,249085716,0,0
SPCX,250000000,adaptive_width,pinned_fork_costs,682,True,True,True,True,True,True,1785935689000,True,682826000,9067000,0,129527647,14641593,0
SPCX,250000000,adaptive_economic,pinned_fork_costs,305,True,True,True,True,True,True,,False,377628000,1729000,0,273093692,6630584,0
SPCX,250000000,fixed_20,double_gas_half_fees,405,True,True,True,True,True,True,1785414012000,True,216555000,4187000,0,41625448,532012,0
SPCX,250000000,fixed_40,double_gas_half_fees,370,True,True,True,True,True,True,1785846449000,True,624763000,0,0,51879216,0,0
SPCX,250000000,fixed_80,double_gas_half_fees,309,True,True,True,True,True,True,1786115093000,True,898826000,0,0,64294192,0,0
SPCX,250000000,fixed_160,double_gas_half_fees,208,True,True,True,True,True,True,,False,3945481000,0,0,98968850,0,0
SPCX,250000000,adaptive_width,double_gas_half_fees,324,True,True,True,True,True,True,1786034332000,True,815336000,0,0,49622934,0,0
SPCX,250000000,adaptive_economic,double_gas_half_fees,1,True,True,True,True,True,True,,False,238687000,0,0,12407592,0,0
SPCX,250000000,fixed_20,partial_mint_failure,989,True,True,True,True,True,True,1786506592000,True,797546000,56361000,0,185193321,23020676,0
SPCX,250000000,fixed_40,partial_mint_failure,1185,True,True,True,True,True,True,,False,3414591000,23952000,0,593052458,12402004,0
SPCX,250000000,fixed_80,partial_mint_failure,573,True,True,True,True,True,True,,False,3735718000,2592000,0,390812952,1094335,0
SPCX,250000000,fixed_160,partial_mint_failure,214,True,True,True,True,True,True,,False,3870502000,0,0,241583819,0,0
SPCX,250000000,adaptive_width,partial_mint_failure,962,True,True,True,True,True,True,1787059680000,True,1424749000,56055000,0,189846341,24128480,0
SPCX,250000000,adaptive_economic,partial_mint_failure,128,True,True,True,True,True,True,,False,293105000,339000,0,165077909,2716874,0
SPY,5000000000,fixed_20,pinned_fork_costs,135,True,True,True,True,True,True,,False,2000059000,1884792000,472865000,1177678024,1131448628,115381671
SPY,5000000000,fixed_40,pinned_fork_costs,35,True,True,True,True,True,True,,False,2031162000,1570366000,237953000,723687013,576731238,37395932
SPY,5000000000,fixed_80,pinned_fork_costs,12,True,True,True,True,True,True,,False,1988641000,1074628000,102107000,397963767,202196669,7255707
SPY,5000000000,fixed_160,pinned_fork_costs,3,True,True,True,True,True,True,,False,1882118000,669038000,0,207747223,56786762,0
SPY,5000000000,adaptive_width,pinned_fork_costs,70,True,True,True,True,True,True,,False,1809956000,1603682000,97551000,932064909,867847316,32351893
SPY,5000000000,adaptive_economic,pinned_fork_costs,5,True,True,True,True,True,True,,False,664562000,657180000,48129000,245789761,243950464,12944821
SPY,5000000000,fixed_20,double_gas_half_fees,135,True,True,True,True,True,True,,False,2000059000,1869139000,472865000,563292693,538852997,57529007
SPY,5000000000,fixed_40,double_gas_half_fees,35,True,True,True,True,True,True,,False,2031162000,1520865000,237953000,351563221,271799284,18686307
SPY,5000000000,fixed_80,double_gas_half_fees,12,True,True,True,True,True,True,,False,1988641000,1074628000,102107000,195899751,100346204,3627784
SPY,5000000000,fixed_160,double_gas_half_fees,3,True,True,True,True,True,True,,False,1882118000,669038000,0,103248591,28385363,0
SPY,5000000000,adaptive_width,double_gas_half_fees,27,True,True,True,True,True,True,,False,1826476000,932377000,91938000,212606653,159575871,15956455
SPY,5000000000,adaptive_economic,double_gas_half_fees,5,True,True,True,True,True,True,,False,664562000,657180000,48129000,122186890,121267240,6472410
SPY,5000000000,fixed_20,partial_mint_failure,151,True,True,True,True,True,True,,False,1960938000,1845984000,458088000,1133393532,1086914552,109210761
SPY,5000000000,fixed_40,partial_mint_failure,43,True,True,True,True,True,True,,False,2024662000,1566215000,237261000,722748423,576185483,37261404
SPY,5000000000,fixed_80,partial_mint_failure,14,True,True,True,True,True,True,,False,1987010000,1073971000,102107000,397156288,201978678,7255707
SPY,5000000000,fixed_160,partial_mint_failure,3,True,True,True,True,True,True,,False,1882118000,669038000,0,207747223,56786762,0
SPY,5000000000,adaptive_width,partial_mint_failure,7,True,True,True,True,True,True,,False,1840619000,627385000,69364000,232334946,81745770,22945009
SPY,5000000000,adaptive_economic,partial_mint_failure,5,True,True,True,True,True,True,,False,664562000,657180000,48129000,245789761,243950464,12944821
SPY,1000000000,fixed_20,pinned_fork_costs,135,True,True,True,True,True,True,,False,2000059000,949886000,107252000,340534027,141458048,11245148
SPY,1000000000,fixed_40,pinned_fork_costs,35,True,True,True,True,True,True,,False,2031162000,517039000,17299000,183590616,36327656,490119
SPY,1000000000,fixed_80,pinned_fork_costs,8,True,True,True,True,True,True,,False,2037879000,240206000,0,95366077,10660930,0
SPY,1000000000,fixed_160,pinned_fork_costs,1,True,True,True,True,True,True,,False,2038191000,149664000,0,48006904,4024154,0
SPY,1000000000,adaptive_width,pinned_fork_costs,7,True,True,True,True,True,True,,False,1985650000,98003000,0,52772393,1464583,0
SPY,1000000000,adaptive_economic,pinned_fork_costs,1,True,True,True,True,True,True,,False,1967952000,98003000,0,45171490,1464583,0
SPY,1000000000,fixed_20,double_gas_half_fees,135,True,True,True,True,True,True,,False,2000059000,912876000,107252000,158271907,61297540,5617225
SPY,1000000000,fixed_40,double_gas_half_fees,35,True,True,True,True,True,True,,False,2031162000,490778000,17299000,88181185,17231756,245059
SPY,1000000000,fixed_80,double_gas_half_fees,8,True,True,True,True,True,True,,False,2037879000,240206000,0,46815933,5330464,0
SPY,1000000000,fixed_160,double_gas_half_fees,1,True,True,True,True,True,True,,False,2038191000,149664000,0,24003452,2012076,0
SPY,1000000000,adaptive_width,double_gas_half_fees,43,True,True,True,True,True,True,,False,1954140000,496817000,0,88213153,21031686,0
SPY,1000000000,adaptive_economic,double_gas_half_fees,1,True,True,True,True,True,True,,False,1703075000,190029000,0,35636342,2888557,0
SPY,1000000000,fixed_20,partial_mint_failure,151,True,True,True,True,True,True,,False,1958695000,921799000,104816000,325689459,135729031,10525733
SPY,1000000000,fixed_40,partial_mint_failure,43,True,True,True,True,True,True,,False,2024662000,516511000,17299000,183224182,36181124,490119
SPY,1000000000,fixed_80,partial_mint_failure,9,True,True,True,True,True,True,,False,2036868000,240206000,0,95300543,10660930,0
SPY,1000000000,fixed_160,partial_mint_failure,1,True,True,True,True,True,True,,False,2038191000,149664000,0,48006904,4024154,0
SPY,1000000000,adaptive_width,partial_mint_failure,8,True,True,True,True,True,True,,False,1983428000,98003000,0,52712773,1464583,0
SPY,1000000000,adaptive_economic,partial_mint_failure,1,True,True,True,True,True,True,,False,1967952000,98003000,0,45171490,1464583,0
SPY,250000000,fixed_20,pinned_fork_costs,135,True,True,True,True,True,True,,False,2000059000,229344000,19000,97514558,9612976,45
SPY,250000000,fixed_40,pinned_fork_costs,35,True,True,True,True,True,True,,False,2031162000,147474000,19000,49630865,3876283,82
SPY,250000000,fixed_80,pinned_fork_costs,8,True,True,True,True,True,True,,False,2037879000,39797000,0,24891336,1118476,0
SPY,250000000,fixed_160,pinned_fork_costs,1,True,True,True,True,True,True,,False,2038191000,0,0,12285277,0,0
SPY,250000000,adaptive_width,pinned_fork_costs,7,True,True,True,True,True,True,,False,1985650000,0,0,13424164,0,0
SPY,250000000,adaptive_economic,pinned_fork_costs,1,True,True,True,True,True,True,,False,1967952000,0,0,11465447,0,0
SPY,250000000,fixed_20,double_gas_half_fees,135,True,True,True,True,True,True,,False,2000059000,229344000,19000,44726611,4769538,22
SPY,250000000,fixed_40,double_gas_half_fees,35,True,True,True,True,True,True,,False,2031162000,147474000,19000,23737813,1935190,41
SPY,250000000,fixed_80,double_gas_half_fees,8,True,True,True,True,True,True,,False,2037879000,39797000,0,12209433,559237,0
SPY,250000000,fixed_160,double_gas_half_fees,1,True,True,True,True,True,True,,False,2038191000,0,0,6142638,0,0
SPY,250000000,adaptive_width,double_gas_half_fees,8,True,True,True,True,True,True,,False,1988052000,0,0,6519831,0,0
SPY,250000000,adaptive_economic,double_gas_half_fees,1,True,True,True,True,True,True,,False,1990787000,0,0,5762484,0,0
SPY,250000000,fixed_20,partial_mint_failure,151,True,True,True,True,True,True,,False,1958695000,218316000,19000,93005086,8999659,45
SPY,250000000,fixed_40,partial_mint_failure,43,True,True,True,True,True,True,,False,2024662000,147474000,19000,49524081,3876283,82
SPY,250000000,fixed_80,partial_mint_failure,9,True,True,True,True,True,True,,False,2036868000,39797000,0,24874621,1118476,0
SPY,250000000,fixed_160,partial_mint_failure,1,True,True,True,True,True,True,,False,2038191000,0,0,12285277,0,0
SPY,250000000,adaptive_width,partial_mint_failure,8,True,True,True,True,True,True,,False,1983428000,0,0,13408850,0,0
SPY,250000000,adaptive_economic,partial_mint_failure,1,True,True,True,True,True,True,,False,1967952000,0,0,11465447,0,0
TSLA,5000000000,fixed_20,pinned_fork_costs,247,True,True,True,True,True,True,,False,574868000,529313000,255981000,1088596604,1050723490,325005437
TSLA,5000000000,fixed_40,pinned_fork_costs,78,True,True,True,True,True,True,,False,602025000,542005000,179454000,815155896,785011001,237774954
TSLA,5000000000,fixed_80,pinned_fork_costs,23,True,True,True,True,True,True,,False,607257000,415428000,3817000,511723894,425574558,8006517
TSLA,5000000000,fixed_160,pinned_fork_costs,5,True,True,True,True,True,True,,False,603134000,291789000,40000,287432479,150348961,10665
TSLA,5000000000,adaptive_width,pinned_fork_costs,13,True,True,True,True,True,True,,False,579327000,277356000,263000,265999893,135076049,1470146
TSLA,5000000000,adaptive_economic,pinned_fork_costs,1,True,True,True,True,True,True,,False,306964000,4993000,0,135868134,4944290,0
TSLA,5000000000,fixed_20,double_gas_half_fees,247,True,True,True,True,True,True,,False,574868000,529313000,251338000,530401896,512011617,156228292
TSLA,5000000000,fixed_40,double_gas_half_fees,1,True,True,True,True,True,True,1788545062000,True,29413000,29413000,5778000,697580,697580,697580
TSLA,5000000000,fixed_80,double_gas_half_fees,1,True,True,True,True,True,True,1788545062000,True,100780000,60953000,40000,484176,484176,1359
TSLA,5000000000,fixed_160,double_gas_half_fees,1,True,True,True,True,True,True,1788545062000,True,329238000,18024000,40000,321334,321334,1329
TSLA,5000000000,adaptive_width,double_gas_half_fees,9,True,True,True,True,True,True,,False,581975000,280004000,263000,125652688,60190764,731356
TSLA,5000000000,adaptive_economic,double_gas_half_fees,1,True,True,True,True,True,True,,False,306964000,4993000,0,67934067,2472143,0
TSLA,5000000000,fixed_20,partial_mint_failure,230,True,True,True,True,True,True,,False,528614000,483454000,222221000,966633632,930155662,274958703
TSLA,5000000000,fixed_40,partial_mint_failure,80,True,True,True,True,True,True,,False,583228000,521559000,164835000,789696365,759186718,217111312
TSLA,5000000000,fixed_80,partial_mint_failure,25,True,True,True,True,True,True,,False,601101000,409272000,3753000,503080193,416930857,7686384
TSLA,5000000000,fixed_160,partial_mint_failure,5,True,True,True,True,True,True,,False,603134000,291789000,40000,287432479,150348961,10665
TSLA,5000000000,adaptive_width,partial_mint_failure,13,True,True,True,True,True,True,,False,578665000,276694000,2608000,269873690,138949846,7173974
TSLA,5000000000,adaptive_economic,partial_mint_failure,1,True,True,True,True,True,True,,False,306964000,4993000,0,135868134,4944290,0
TSLA,1000000000,fixed_20,pinned_fork_costs,254,True,True,True,True,True,True,,False,580995000,368607000,3080000,388579924,300109086,5057810
TSLA,1000000000,fixed_40,pinned_fork_costs,78,True,True,True,True,True,True,,False,602025000,285463000,63000,243210779,127760642,29686
TSLA,1000000000,fixed_80,pinned_fork_costs,1,True,True,True,True,True,True,1788545062000,True,100780000,9983000,40000,282197,282197,2495
TSLA,1000000000,fixed_160,pinned_fork_costs,1,True,True,True,True,True,True,1788545062000,True,329238000,40000,40000,160764,2263,2263
TSLA,1000000000,adaptive_width,pinned_fork_costs,72,True,True,True,True,True,True,,False,579997000,147673000,0,230426778,113986355,0
TSLA,1000000000,adaptive_economic,pinned_fork_costs,1,True,True,True,True,True,True,,False,27721000,21090000,0,21952853,16726562,0
TSLA,1000000000,fixed_20,double_gas_half_fees,1,True,True,True,True,True,True,1788545062000,True,6295000,6295000,13000,409766,409766,1351
TSLA,1000000000,fixed_40,double_gas_half_fees,1,True,True,True,True,True,True,1788545062000,True,29413000,7278000,40000,252662,252662,1315
TSLA,1000000000,fixed_80,double_gas_half_fees,1,True,True,True,True,True,True,1788545062000,True,100780000,9983000,40000,141098,141098,1247
TSLA,1000000000,fixed_160,double_gas_half_fees,1,True,True,True,True,True,True,1788545062000,True,329238000,40000,40000,80381,1131,1131
TSLA,1000000000,adaptive_width,double_gas_half_fees,11,True,True,True,True,True,True,,False,586409000,8626000,0,29647057,2509033,0
TSLA,1000000000,adaptive_economic,double_gas_half_fees,1,True,True,True,True,True,True,,False,307642000,0,0,14364386,0,0
TSLA,1000000000,fixed_20,partial_mint_failure,203,True,True,True,True,True,True,,False,535512000,318349000,2064000,333558303,246769714,3057279
TSLA,1000000000,fixed_40,partial_mint_failure,74,True,True,True,True,True,True,,False,577134000,262748000,27000,227230202,113083404,6002
TSLA,1000000000,fixed_80,partial_mint_failure,1,True,True,True,True,True,True,1788545062000,True,100780000,9983000,40000,282197,282197,2495
TSLA,1000000000,fixed_160,partial_mint_failure,1,True,True,True,True,True,True,1788545062000,True,329238000,40000,40000,160764,2263,2263
TSLA,1000000000,adaptive_width,partial_mint_failure,55,True,True,True,True,True,True,,False,569723000,52716000,0,181913344,78501992,0
TSLA,1000000000,adaptive_economic,partial_mint_failure,1,True,True,True,True,True,True,,False,27721000,21090000,0,21952853,16726562,0
TSLA,250000000,fixed_20,pinned_fork_costs,1,True,True,True,True,True,True,1788545062000,True,6295000,1169000,13000,275222,275222,2494
TSLA,250000000,fixed_40,pinned_fork_costs,1,True,True,True,True,True,True,1788545062000,True,29413000,40000,40000,150288,2262,2262
TSLA,250000000,fixed_80,pinned_fork_costs,1,True,True,True,True,True,True,1788545062000,True,100780000,40000,13000,78253,1907,1907
TSLA,250000000,fixed_160,pinned_fork_costs,1,True,True,True,True,True,True,1788545062000,True,329238000,40000,13000,42932,1453,1453
TSLA,250000000,adaptive_width,pinned_fork_costs,72,True,True,True,True,True,True,,False,579703000,5887000,0,62788287,1836343,0
TSLA,250000000,adaptive_economic,pinned_fork_costs,1,True,True,True,True,True,True,,False,27834000,0,0,6030749,0,0
TSLA,250000000,fixed_20,double_gas_half_fees,1,True,True,True,True,True,True,1788545062000,True,6295000,1169000,13000,137610,137610,1247
TSLA,250000000,fixed_40,double_gas_half_fees,1,True,True,True,True,True,True,1788545062000,True,29413000,40000,40000,75143,1131,1131
TSLA,250000000,fixed_80,double_gas_half_fees,1,True,True,True,True,True,True,1788545062000,True,100780000,40000,13000,39126,953,953
TSLA,250000000,fixed_160,double_gas_half_fees,1,True,True,True,True,True,True,1788545062000,True,329238000,40000,13000,21465,726,726
TSLA,250000000,adaptive_width,double_gas_half_fees,8,True,True,True,True,True,True,,False,585370000,36000,0,7864672,12669,0
TSLA,250000000,adaptive_economic,double_gas_half_fees,1,True,True,True,True,True,True,,False,307286000,0,0,3635459,0,0
TSLA,250000000,fixed_20,partial_mint_failure,1,True,True,True,True,True,True,1788545062000,True,6295000,1169000,13000,275222,275222,2494
TSLA,250000000,fixed_40,partial_mint_failure,1,True,True,True,True,True,True,1788545062000,True,29413000,40000,40000,150288,2262,2262
TSLA,250000000,fixed_80,partial_mint_failure,1,True,True,True,True,True,True,1788545062000,True,100780000,40000,13000,78253,1907,1907
TSLA,250000000,fixed_160,partial_mint_failure,1,True,True,True,True,True,True,1788545062000,True,329238000,40000,13000,42932,1453,1453
TSLA,250000000,adaptive_width,partial_mint_failure,67,True,True,True,True,True,True,,False,565229000,17213000,0,57704660,2413221,0
TSLA,250000000,adaptive_economic,partial_mint_failure,1,True,True,True,True,True,True,,False,27834000,0,0,6030749,0,0
