symbol,budgetQuote,width,count,emptyBoundaryMarks,meanAbsoluteErrorQuote,baselineMeanAbsoluteErrorQuote,relativeErrorReduction,meanPredictedQuote,meanActualQuote
AAPL,250000000,20,3896,0,79811.58829568789,88140.49281314168,0.09449577885967941,95027.1930184805,96075.61858316221
AAPL,250000000,40,3896,0,49502.28259753594,50315.31391170431,0.016158724868439132,56053.54491786448,56656.98254620123
AAPL,250000000,80,3896,0,27446.965862423,27447.014373716633,1.7674524804035343e-06,29324.9227412731,30839.10728952772
AAPL,250000000,160,3896,0,14076.99794661191,14077.066735112936,4.886564958530203e-06,14841.861909650925,15820.393223819301
AAPL,1000000000,20,3896,0,270704.13090349076,299249.4866529774,0.09538982361760599,321689.1106262834,322750.2774640657
AAPL,1000000000,40,3896,0,179089.81827515402,182116.29620123203,0.016618380612868813,202786.8590862423,203885.601899384
AAPL,1000000000,80,3896,0,103767.84625256674,103767.84496919918,-1.2367680535806706e-08,110920.05544147844,116236.07109856264
AAPL,1000000000,160,3896,0,54619.28798767967,54619.310061601645,4.041413548863359e-07,57622.35112936345,61288.29928131417
AAPL,5000000000,20,2351,0,1261711.5099957464,1399205.5482773287,0.09826578979111536,1472186.9089749043,1440441.6890684816
AAPL,5000000000,40,2643,0,844274.6931517215,860914.8758986001,0.01932848788274214,949498.4010594022,936368.3465758607
AAPL,5000000000,80,2888,0,497790.5491689751,497790.2918975069,-5.168270099510408e-07,534346.9837257618,549554.2828947369
AAPL,5000000000,160,3016,0,269504.0298408488,269503.92440318305,-3.9122868439109113e-07,286829.1352785146,299538.724137931
GLD,250000000,20,1656,0,224315.2324879227,309605.46920289856,0.2754803942403268,304327.5356280193,222097.4734299517
GLD,250000000,40,1655,0,146657.63625377644,178011.51359516615,0.17613398542689057,178460.6574018127,172054.21148036254
GLD,250000000,80,1655,0,89142.46767371602,100207.41450151058,0.11042044027218928,107275.60422960726,109035.27794561934
GLD,250000000,160,1655,0,56082.67915407855,56234.77703927492,0.0027046943760468357,63563.40664652568,62530.38791540785
GLD,1000000000,20,1584,0,622442.8623737374,841257.3516414141,0.2601041035073729,887299.2178030303,701015.7253787878
GLD,1000000000,40,1584,0,446816.70075757575,526663.5789141414,0.15160888535560305,555196.4842171717,559802.0435606061
GLD,1000000000,80,1584,0,291366.0833333333,320795.8440656566,0.09173984413058639,351160.6571969697,365590.2279040404
GLD,1000000000,160,1593,0,189498.74199623353,189497.12115505335,-8.553381551569766e-06,210176.86377903327,218427.91211550534
GLD,5000000000,20,1428,0,1382071.4789915967,1883300.3725490195,0.26614389338171107,2368139.56442577,1845508.8361344538
GLD,5000000000,40,1428,0,898653.6659663866,1059013.2233893557,0.15142356476885233,1516012.2535014006,1274525.469887955
GLD,5000000000,80,1428,0,562577.3858543418,590246.818627451,0.04687773300913545,930778.2976190476,721734.631652661
GLD,5000000000,160,1437,0,330283.43493389006,330281.31454418926,-6.4199505312365794e-06,543417.1301322199,413136.0027835769
GME,250000000,20,5162,0,209847.79019759782,280005.3364974816,0.25055788999405293,258505.60344827586,185778.8736923673
GME,250000000,40,5173,0,134457.91320317032,157095.1494297313,0.14409888725868414,149748.79818287262,131593.84032476318
GME,250000000,80,5180,0,82987.1886100386,88421.34594594594,0.06145752790541511,84936.40115830116,80863.5638996139
GME,250000000,160,5187,0,48871.633314054365,48895.11586658955,0.0004802637670244267,46749.93078850974,45777.67399267399
GME,1000000000,20,4989,0,726047.1196632591,962599.5818801363,0.2457433668886975,891397.7300060132,632475.3387452395
GME,1000000000,40,4991,0,487030.1414546183,567951.5135243438,0.1424793668874641,541842.8445201362,459790.4429973953
GME,1000000000,80,4998,0,307743.2224889956,327949.08523409365,0.061612804105475316,313968.1004401761,289928.26730692276
GME,1000000000,160,5019,0,184889.95158398087,184889.48874277744,-2.5033397332332554e-06,175918.65869695158,168102.60270970312
GME,5000000000,20,4657,0,2317173.5026841313,3021661.822632596,0.23314598432947253,2904026.3860854628,2076396.3066351728
GME,5000000000,40,4682,0,1677397.719137121,1918094.6375480564,0.12548750916619203,1946082.670226399,1578982.6717214866
GME,5000000000,80,4730,0,1113342.870613108,1168318.4086680762,0.04705526990509576,1180132.0501057082,1043755.9849894291
GME,5000000000,160,4775,0,693194.209842932,693192.6427225131,-2.2607285799994995e-06,688738.2923560209,647907.4316230366
GOOGL,250000000,20,2203,0,112958.23104857013,125601.51157512482,0.10066185006852002,125166.28506581933,125083.81706763504
GOOGL,250000000,40,2204,0,69807.8221415608,70703.14065335754,0.012663065650595206,73992.42332123412,75182.3498185118
GOOGL,250000000,80,2204,0,37458.43511796733,37457.627495462795,-2.1560962573911858e-05,38671.51179673321,40213.35617059891
GOOGL,250000000,160,2208,0,19069.772192028984,19069.837409420288,3.4199238254716923e-06,19530.572010869564,20504.53713768116
GOOGL,1000000000,20,2049,0,425936.0224499756,475041.7496339678,0.10337139256040011,480570.4636408004,459551.63787213276
GOOGL,1000000000,40,2050,0,272213.0595121951,275942.80048780487,0.013516355451261682,292910.1287804878,287584.64780487807
GOOGL,1000000000,80,2050,0,150160.5287804878,150157.29463414635,-2.1538389788809885e-05,156633.6292682927,159254.9180487805
GOOGL,1000000000,160,2051,0,77898.21599219892,77898.25987323257,5.633121165162794e-07,80294.16235982448,83046.09361287177
GOOGL,5000000000,20,1619,0,1723106.7856701668,1923647.6139592342,0.10425029347049485,2076029.8721432984,1666536.3378628783
GOOGL,5000000000,40,1651,0,1127515.5947910356,1143510.9273167776,0.013987914014319616,1274785.0884312538,1052775.8849182313
GOOGL,5000000000,80,1725,0,641550.7443478261,641550.5333333333,-3.289132839735096e-07,705770.8428985507,619525.8330434783
GOOGL,5000000000,160,1818,0,347117.67656765674,347117.598459846,-2.2501829676063945e-07,378395.37843784376,353884.7337733773
LLY,250000000,20,1034,1,84333.94003868473,97492.00676982592,0.13496559530471847,111720.64410058028,108592.95551257253
LLY,250000000,40,1034,1,53511.8500967118,55265.67601547389,0.03173445156576088,66610.24081237911,64188.224371373304
LLY,250000000,80,1034,1,29214.449709864602,29214.459381044486,3.3104086431326845e-07,34897.56866537718,33845.925531914894
LLY,250000000,160,1034,1,14850.493230174081,14850.575435203094,5.535477690559634e-06,17517.218568665376,17207.90328820116
LLY,1000000000,20,1034,1,321802.3220502901,373365.63733075437,0.13810407312547002,428401.7911025145,410834.1827852998
LLY,1000000000,40,1034,1,208535.06092843326,215502.6586073501,0.032331840933860226,260474.2833655706,248836.80464216633
LLY,1000000000,80,1034,1,115244.55029013539,115244.48065764023,-6.042154450005212e-07,137999.28626692455,133149.16344294004
LLY,1000000000,160,1034,1,58957.69342359768,58957.70502901354,1.9684307343754129e-07,69664.11895551257,68229.13733075435
LLY,5000000000,20,1032,1,1335874.816860465,1575383.4544573643,0.15203196207198785,1814842.8255813953,1642463.7548449612
LLY,5000000000,40,1032,1,920268.5678294573,953997.7393410853,0.03535560947442521,1177553.8178294573,1071858.4224806202
LLY,5000000000,80,1033,1,537013.9845111326,537013.4443368829,-1.0058858962553659e-06,652874.8935140368,611931.4666021297
LLY,5000000000,160,1033,1,282756.3610842207,282756.1161665053,-8.661800802492221e-07,338074.9419167473,324793.8509196515
NVDA,250000000,20,6219,0,76095.24811062872,86496.38607493167,0.12024939348671118,98974.22785013668,89499.38977327544
NVDA,250000000,40,6219,0,46190.523717639495,47462.17768129925,0.02679299656662829,55728.537385431744,53826.92249557807
NVDA,250000000,80,6219,0,25486.28589805435,25542.47387039717,0.0021997858401625017,28928.41694806239,29129.136677922495
NVDA,250000000,160,6219,0,13049.1559736292,13049.23090529024,5.742228149888469e-06,14551.050651230102,14849.38141180254
NVDA,1000000000,20,6219,0,296060.0104518411,336668.2699790963,0.12061801823431874,386467.22254381736,348136.2112879884
NVDA,1000000000,40,6219,0,182031.91123974917,187062.3669400225,0.026891863834302185,220118.28284290078,212138.0670525808
NVDA,1000000000,80,6219,0,101170.36983437852,101394.42321916707,0.0022097209853864756,114976.16819424345,115635.3458755427
NVDA,1000000000,160,6219,0,51995.71892587233,51995.75526611995,6.989079674339318e-07,58019.62260813636,59171.661199549766
NVDA,5000000000,20,6219,0,1313287.8842257597,1495540.3288310019,0.12186394515198445,1738767.4902717478,1544295.2018009326
NVDA,5000000000,40,6219,0,848462.5317575173,872292.9342337997,0.027319265743238414,1036218.4727448142,989204.1535616659
NVDA,5000000000,80,6219,0,486968.4515195369,488075.59237819584,0.0022683798902221205,556626.710725197,556668.8811706062
NVDA,5000000000,160,6219,0,254861.85190545104,254861.72069464545,-5.14831357326356e-07,285283.0332850941,290045.6094227368
QQQ,250000000,20,1641,0,161449.7720901889,171329.96404631322,0.05766762405584548,136022.02925045704,117992.80804387569
QQQ,250000000,40,1641,0,96058.54174283973,96436.76660572822,0.003921998592454018,74885.83180987203,70867.6142595978
QQQ,250000000,80,1641,0,51203.29920780012,51203.384521633154,1.666175660567837e-06,37967.875685557585,38526.873857404025
QQQ,250000000,160,1641,0,26138.237659963437,26138.33942717855,3.893407819431672e-06,19079.92626447288,19790.319926873857
QQQ,1000000000,20,1641,0,587475.155393053,624586.7141986594,0.05941778453168064,514005.60694698355,415432.33577087143
QQQ,1000000000,40,1641,0,356088.10847044486,357540.14259597805,0.00406117790016663,289914.8897014016,255539.58805606337
QQQ,1000000000,80,1641,0,194540.96465569775,194541.00975015236,2.3179922145344895e-07,149240.39792809263,143763.77574649605
QQQ,1000000000,160,1641,0,101501.60450944546,101501.68068251066,7.504611223375426e-07,75630.71115173674,76081.1858622791
QQQ,5000000000,20,1562,0,2251719.8777208705,2378178.095390525,0.05317441024066297,2070062.3629961587,1486441.8988476312
QQQ,5000000000,40,1567,0,1387667.0689215062,1393777.425654116,0.00438402618677973,1221015.8959795788,923215.8238672623
QQQ,5000000000,80,1581,0,794900.0664136623,794899.8918406072,-2.196164030469742e-07,658953.1973434535,551666.4225173941
QQQ,5000000000,160,1588,0,433948.73614609573,433948.6964735516,-9.142219899034194e-08,344364.7191435768,308411.1379093199
SGOV,250000000,20,596,3,2525148.476510067,3333971.2298657717,0.2426003998205673,2530866.1912751677,19302.90268456376
SGOV,250000000,40,596,3,1626919.7298657717,1671919.0906040268,0.026914795692653867,1630007.9362416107,10009.196308724831
SGOV,250000000,80,597,3,921529.2110552763,921528.6415410385,-6.180103495248597e-07,923101.3182579564,5045.289782244556
SGOV,250000000,160,597,3,461975.8710217755,461975.61976549414,-5.438734657352193e-07,462762.8927973199,2530.9313232830823
SGOV,1000000000,20,590,3,6958309.001694915,9138507.840677965,0.23857273824052513,6976185.098305085,70213.16440677966
SGOV,1000000000,40,590,3,4540677.491525424,4622341.06440678,0.017667145661359032,4549823.813559322,36413.92881355932
SGOV,1000000000,80,592,3,2449941.3868243243,2449940.3243243243,-4.3368403281130114e-07,2455201.260135135,19090.116554054053
SGOV,1000000000,160,592,3,1230865.689189189,1230865.1925675676,-4.034736091494113e-07,1233496.7466216215,9619.523648648648
SGOV,5000000000,20,566,3,2683422.0282685515,3458066.697879859,0.2240109105143178,2730548.1201413427,265850.332155477
SGOV,5000000000,40,569,3,193610.05448154657,193610.1546572935,5.174095702869948e-07,213101.37785588752,142753.03866432337
SGOV,5000000000,80,577,3,3826494.2218370885,3826492.6967071057,-3.985712514181539e-07,3840658.7105719238,80729.50433275563
SGOV,5000000000,160,581,3,3232864.481927711,3232863.117039587,-4.221917459883456e-07,3241590.660929432,43156.502581755594
SLV,250000000,20,616,0,34705.09090909091,39759.607142857145,0.1271269159075251,55049.417207792205,46134.76461038961
SLV,250000000,40,616,0,22404.844155844155,22779.469155844155,0.016445730031592443,30965.097402597403,27771.36038961039
SLV,250000000,80,616,0,11952.675324675325,11952.75,6.247543425180371e-06,15863.741883116883,14623.082792207791
SLV,250000000,160,616,0,6025.922077922078,6026.006493506494,1.4008545212579674e-05,7987.4691558441555,7373.206168831169
SLV,1000000000,20,616,0,130286.88474025975,148415.92045454544,0.12215020907974625,206196.67532467534,172227.00487012987
SLV,1000000000,40,616,0,86216.21266233767,87540.68993506493,0.015129847316827528,118692.6948051948,106332.13474025975
SLV,1000000000,80,616,0,46736.7012987013,46736.75,1.0420343455909686e-06,61833.6525974026,57030.9025974026
SLV,1000000000,160,616,0,23809.381493506495,23809.464285714286,3.4772814204762787e-06,31493.396103896102,29089.602272727272
SLV,5000000000,20,601,0,528259.3327787021,592115.2828618968,0.1078437796345281,837137.8885191347,692087.4376039933
SLV,5000000000,40,602,0,373674.79900332226,377142.6395348837,0.009195037017925694,513068.5265780731,460196.65448504983
SLV,5000000000,80,602,0,211819.68936877078,211819.70099667774,5.489530445955337e-08,277426.18604651163,260013.06478405316
SLV,5000000000,160,602,0,111255.98671096345,111256.02325581395,3.284752540031951e-07,144606.88372093023,136888.0631229236
SPCX,250000000,20,5840,0,186014.60205479452,250930.05633561645,0.2586993970702264,237731.41660958904,168392.33818493152
SPCX,250000000,40,5840,0,110051.09366438356,130684.82174657534,0.1578892468645273,135477.65462328767,117640.46780821918
SPCX,250000000,80,5840,0,65883.6154109589,70455.83869863013,0.06489488127774043,77377.13390410959,73000.20890410959
SPCX,250000000,160,5840,0,37858.86780821918,38359.95136986301,0.01306267457986157,41534.79503424658,41114.985787671234
SPCX,1000000000,20,5840,0,659346.9371575343,881272.2542808219,0.25182378776283365,838694.7126712329,602730.3227739726
SPCX,1000000000,40,5840,0,410709.4241438356,485646.383390411,0.15430354638579394,504127.4741438356,437543.5030821918
SPCX,1000000000,80,5840,0,253220.7881849315,270426.2330479452,0.06362343131098254,297221.5595890411,279213.02311643836
SPCX,1000000000,160,5840,0,147938.8919520548,149899.45633561644,0.01307919609242645,162400.22619863015,160247.76506849314
SPCX,5000000000,20,5692,0,2305186.443780745,2995192.6995783555,0.2303712398520287,2909241.7127547436,2194962.0739634573
SPCX,5000000000,40,5695,0,1607601.4057945567,1863285.984547849,0.1372224021828499,1949814.8542581212,1702190.5645302897
SPCX,5000000000,80,5707,0,1069872.218854039,1130200.8519362188,0.053378683071090394,1241808.985456457,1149823.5789381461
SPCX,5000000000,160,5741,0,651435.4016721826,660914.9477442955,0.014343065025941069,712171.3135342274,691395.145096673
SPY,250000000,20,1917,0,25671.356285863327,25743.864371413667,0.0028165190938021344,31817.0406885759,33302.971830985916
SPY,250000000,40,1917,0,13491.158581116328,13491.238393322901,5.915854738158856e-06,16164.003129890454,17314.52738654147
SPY,250000000,80,1917,0,6870.108502869066,6870.193531559728,1.237646221636926e-05,8139.948878455921,8791.882107459573
SPY,250000000,160,1917,0,3457.6338028169016,3457.6890975482524,1.5991817017405434e-05,4090.534689619197,4422.110067814293
SPY,1000000000,20,1917,0,96183.1690140845,96374.26812728221,0.0019828852339020485,119767.68127282211,124895.90297339593
SPY,1000000000,40,1917,0,52011.273343766305,52011.34533124674,1.384072647606308e-06,62499.71570161711,66875.50130412102
SPY,1000000000,80,1917,0,26941.303077725614,26941.376108502867,2.710729287249748e-06,31977.902451747523,34525.38706311946
SPY,1000000000,160,1917,0,13688.341679707877,13688.413145539906,5.220899695922607e-06,16211.858633281168,17523.072509128848
SPY,5000000000,20,1894,0,379285.30095036956,379455.3859556494,0.00044823452657412143,479707.3004223865,490980.3574445618
SPY,5000000000,40,1900,0,224384.74368421052,224384.8047368421,2.7208897523408384e-07,272777.3973684211,289731.60736842104
SPY,5000000000,80,1900,0,123376.28105263157,123376.35052631579,5.631037383919684e-07,147539.45894736843,159319.22315789474
SPY,5000000000,160,1900,0,64936.97894736842,64937.06105263158,1.2643821852570184e-06,77239.66157894737,83930.43842105263
TSLA,250000000,20,825,1,88824.28727272728,100192.6896969697,0.11346538812987131,101194.3612121212,98873.37575757576
TSLA,250000000,40,825,1,54614.077575757576,55925.516363636365,0.023449739459741593,58919.317575757574,59248.07636363636
TSLA,250000000,80,825,1,30326.575757575756,30326.61696969697,1.3589422537074043e-06,31241.101818181818,32253.117575757577
TSLA,250000000,160,825,1,15546.541818181819,15546.621818181819,5.145812443089068e-06,15779.105454545455,16541.581818181818
TSLA,1000000000,20,825,1,313493.00606060604,351909.76606060605,0.10916650717043143,353873.89212121215,340202.0206060606
TSLA,1000000000,40,825,1,202275.74787878786,206741.43151515152,0.021600332374772973,217768.95030303032,215890.3903030303
TSLA,1000000000,80,825,1,115782.34545454546,115782.3612121212,1.3609651412020177e-07,119406.99272727272,122208.99393939394
TSLA,1000000000,160,825,1,60650.05090909091,60650.07636363636,4.196951921697348e-07,61623.214545454546,64281.52484848485
TSLA,5000000000,20,628,1,1284052.8917197452,1402654.2149681528,0.08455492592741432,1382140.2308917197,1241077.539808917
TSLA,5000000000,40,644,1,862444.6692546584,864773.5419254658,0.002693043389859142,895493.4611801242,829769.6770186336
TSLA,5000000000,80,749,1,473149.6368491322,473149.5727636849,-1.354443730947315e-07,482889.0801068091,474630.57009345794
TSLA,5000000000,160,807,1,268076.166047088,268076.13878562575,-1.0169298293086979e-07,272064.1796778191,278028.50185873604
