symbol,scenario,name,budgetQuote,netPnlQuote,alphaQuote,deltaAlphaVs6hQuote,drawdownPercent,outsidePercent,recenters,earlyRecenters,deltaRecentersVs6h,partialFailures,feesQuote,totalGasWithExitQuote,maximumLiquidityToExistingPpm,economicDecisions,economicAcceptances,invalid,terminalExecutable
AAPL,pinned_fork_costs,baseline_6h,1000000000,186347961,167365848,0,1.9702,71.29244937707021,44,0,0,0,297220083,10202691,556651,16891,71,,True
AAPL,pinned_fork_costs,rolling_30m,1000000000,237680011,218697898,51332050,1.5715,26.521579986714446,72,0,28,0,377069786,16506611,554686,6048,98,,True
AAPL,pinned_fork_costs,rolling_60m,1000000000,330195474,311213361,143847513,2.6671,56.13209636093324,69,0,25,0,480870025,15831191,557168,13301,102,,True
AAPL,pinned_fork_costs,ewma_15m,1000000000,240990418,222008305,54642457,2.7144,39.15243591076084,37,0,-7,0,335693713,8626711,530208,9944,66,,True
AAPL,pinned_fork_costs,ewma_30m,1000000000,226044267,207062154,39696306,1.9682,51.3157668792054,37,0,-7,0,315294950,8626711,529090,12768,56,,True
AAPL,pinned_fork_costs,ewma_30m_fee_blend,1000000000,275749100,256766987,89401139,1.9713,51.67031944074146,49,0,5,0,389436765,11328391,521175,12487,80,,True
AAPL,pinned_fork_costs,baseline_6h_early,1000000000,186347961,167365848,0,1.9702,71.29244937707021,44,0,0,0,297220083,10202691,556651,18184,71,,True
AAPL,pinned_fork_costs,ewma_30m_early,1000000000,226044267,207062154,39696306,1.9682,51.3157668792054,37,0,-7,0,315294950,8626711,529090,14763,56,,True
AAPL,double_gas_half_fees,baseline_6h,1000000000,34876521,15998004,0,2.8955,85.33157397658309,0,0,0,0,35189101,593062,190260,20878,0,,True
AAPL,double_gas_half_fees,rolling_30m,1000000000,44653272,25774755,9776751,2.7036,77.29001821114993,30,0,30,0,148605987,14101462,337891,18139,42,,True
AAPL,double_gas_half_fees,rolling_60m,1000000000,36523292,17644775,1646771,2.8564,79.50879603060196,19,0,19,0,114865865,9148382,255054,18839,28,,True
AAPL,double_gas_half_fees,ewma_15m,1000000000,19021212,142695,-15855309,4.2588,82.11538548440303,5,0,5,0,65943485,2844462,242925,19716,6,,True
AAPL,double_gas_half_fees,ewma_30m,1000000000,16394745,-2483772,-18481776,4.3253,86.34931968024294,3,0,3,0,49261470,1943902,244178,20626,3,,True
AAPL,double_gas_half_fees,ewma_30m_fee_blend,1000000000,11352661,-7525856,-23523860,2.0981,94.23009313444167,2,0,2,0,27340829,1493622,164765,22873,5,,True
AAPL,double_gas_half_fees,baseline_6h_early,1000000000,34876521,15998004,0,2.8955,85.33157397658309,0,0,0,0,35189101,593062,190260,21390,0,,True
AAPL,double_gas_half_fees,ewma_30m_early,1000000000,16394745,-2483772,-18481776,4.3253,86.34931968024294,3,0,3,0,49261470,1943902,244178,21187,3,,True
AAPL,partial_mint_failure,baseline_6h,1000000000,193399793,174417680,0,1.9697,63.4301047476658,22,0,0,5,273872589,7269796,347149,15110,49,,True
AAPL,partial_mint_failure,rolling_30m,1000000000,327684903,308702790,134285110,2.5646,53.310043084485315,56,0,34,13,470943291,18156852,518272,11723,98,,True
AAPL,partial_mint_failure,rolling_60m,1000000000,247061889,228079776,53662096,2.712,60.226161442022075,43,0,21,10,366331376,14017921,521007,13967,80,,True
AAPL,partial_mint_failure,ewma_15m,1000000000,244334878,225352765,50935085,2.7153,39.17028149179172,27,0,5,6,329793141,8799533,530208,9844,60,,True
AAPL,partial_mint_failure,ewma_30m,1000000000,245597134,226615021,52197341,1.8723,52.3481560837434,28,0,6,6,329899285,9024673,529090,13015,51,,True
AAPL,partial_mint_failure,ewma_30m_fee_blend,1000000000,255417806,236435693,62018013,1.9696,49.615849751319274,28,0,6,6,343360405,9024673,521175,11791,58,,True
AAPL,partial_mint_failure,baseline_6h_early,1000000000,193399793,174417680,0,1.9697,63.4301047476658,22,0,0,5,273872589,7269796,347149,16420,49,,True
AAPL,partial_mint_failure,ewma_30m_early,1000000000,245597134,226615021,52197341,1.8723,52.3481560837434,28,0,6,6,329899285,9024673,529090,14974,51,,True
GOOGL,pinned_fork_costs,baseline_6h,1000000000,117543542,128944069,0,1.8899,11.284538097827756,5,0,0,0,143929754,1402011,856391,3210,5,,True
GOOGL,pinned_fork_costs,rolling_30m,1000000000,241535593,252936120,123992051,3.1564,33.87321742492543,29,0,24,0,352810004,6713451,169165,7912,39,,True
GOOGL,pinned_fork_costs,rolling_60m,1000000000,218224568,229625095,100681026,3.3298,36.17383009053575,19,0,14,0,305681862,4500351,344146,8558,23,,True
GOOGL,pinned_fork_costs,ewma_15m,1000000000,116698453,128098980,-845089,2.7508,60.00337944376524,18,0,13,0,190277701,4279041,686418,13620,21,,True
GOOGL,pinned_fork_costs,ewma_30m,1000000000,132841558,144242085,15298016,2.4427,22.730373699614436,12,0,7,0,183403902,2951181,686418,5352,14,,True
GOOGL,pinned_fork_costs,ewma_30m_fee_blend,1000000000,139231543,150632070,21688001,2.5634,10.687049105392578,12,0,7,0,192144042,2951181,169298,2914,14,,True
GOOGL,pinned_fork_costs,baseline_6h_early,1000000000,152494309,163894836,34950767,1.9839,15.908167007839445,13,3,8,0,198335668,3172491,856418,7007,14,,True
GOOGL,pinned_fork_costs,ewma_30m_early,1000000000,147879439,159279966,30335897,2.7518,61.237780012668395,17,3,12,0,213132464,4057731,686418,15043,20,,True
GOOGL,double_gas_half_fees,baseline_6h,1000000000,16099652,27602626,0,2.218,72.849301604566,5,0,0,0,57718244,2804022,539238,18233,14,,True
GOOGL,double_gas_half_fees,rolling_30m,1000000000,49075048,60578022,32975396,2.6285,12.141745997618717,3,0,-2,0,89656272,1918782,168467,3378,3,,True
GOOGL,double_gas_half_fees,rolling_60m,1000000000,43816091,55319065,27716439,2.6285,12.185107763020724,3,0,-2,0,84080052,1918782,168467,3393,4,,True
GOOGL,double_gas_half_fees,ewma_15m,1000000000,16800988,28303962,701336,2.6971,17.459343828085053,2,0,-3,0,53826097,1476162,168467,5014,2,,True
GOOGL,double_gas_half_fees,ewma_30m,1000000000,16795186,28298160,695534,2.6971,17.467474159097932,2,0,-3,0,53811203,1476162,168467,5017,2,,True
GOOGL,double_gas_half_fees,ewma_30m_fee_blend,1000000000,30007013,41509987,13907361,2.6971,17.255633867706866,2,0,-3,0,65030522,1476162,168467,4940,3,,True
GOOGL,double_gas_half_fees,baseline_6h_early,1000000000,16099652,27602626,0,2.218,72.849301604566,5,0,0,0,57718244,2804022,539238,18553,14,,True
GOOGL,double_gas_half_fees,ewma_30m_early,1000000000,16795186,28298160,695534,2.6971,17.467474159097932,2,0,-3,0,53811203,1476162,168467,6499,2,,True
GOOGL,partial_mint_failure,baseline_6h,1000000000,110492893,121893420,0,1.832,18.414626538854115,4,0,0,1,138413343,1579384,856391,4982,5,,True
GOOGL,partial_mint_failure,rolling_30m,1000000000,216635782,228036309,106142889,3.158,33.55116341617661,24,0,20,5,325618885,7600316,169165,7767,39,,True
GOOGL,partial_mint_failure,rolling_60m,1000000000,213413114,224813641,102920221,3.1124,34.022586101335875,17,0,13,4,305887878,5652463,344146,8139,25,,True
GOOGL,partial_mint_failure,ewma_15m,1000000000,108267374,119667901,-2225519,2.7512,60.357871830390025,14,0,10,3,181410435,4589850,686418,13681,23,,True
GOOGL,partial_mint_failure,ewma_30m,1000000000,122399558,133800085,11906665,2.4427,21.951796119450844,12,0,8,2,174356422,3748547,686418,5069,18,,True
GOOGL,partial_mint_failure,ewma_30m_fee_blend,1000000000,122922460,134322987,12429567,2.5634,10.883034685565464,11,0,7,2,176463380,3527237,169298,2972,17,,True
GOOGL,partial_mint_failure,baseline_6h_early,1000000000,228562800,239963327,118069907,2.7781,49.38015812627841,20,2,16,5,301682122,6715076,345052,13905,34,,True
GOOGL,partial_mint_failure,ewma_30m_early,1000000000,119800030,131200557,9307137,2.7518,60.48302722932506,13,2,9,3,182861656,4368540,686418,14594,19,,True
NVDA,pinned_fork_costs,baseline_6h,1000000000,5660505,6819787,0,4.792,83.43024621533813,7,0,0,0,67466973,1837570,9031,28668,10,,True
NVDA,pinned_fork_costs,rolling_30m,1000000000,82847626,84006908,77187121,1.9082,49.196404938557116,33,0,26,0,163033023,7571194,7770,16838,44,,True
NVDA,pinned_fork_costs,rolling_60m,1000000000,57471572,58630854,51811067,2.5612,60.36380619767779,18,0,11,0,107823773,4263334,7042,20638,25,,True
NVDA,pinned_fork_costs,ewma_15m,1000000000,33901563,35060845,28241058,3.0435,64.9841530271874,14,0,7,0,87777734,3381238,9564,22267,19,,True
NVDA,pinned_fork_costs,ewma_30m,1000000000,31373964,32533246,25713459,3.0212,75.91205923912847,21,0,14,0,100223240,4924906,9663,26074,27,,True
NVDA,pinned_fork_costs,ewma_30m_fee_blend,1000000000,12999599,14158881,7339094,3.6279,63.905263433676545,12,0,5,0,61096081,2940190,6201,21915,15,,True
NVDA,pinned_fork_costs,baseline_6h_early,1000000000,5660505,6819787,0,4.792,83.43024621533813,7,0,0,0,67466973,1837570,9031,30473,10,,True
NVDA,pinned_fork_costs,ewma_30m_early,1000000000,31373964,32533246,25713459,3.0212,75.91205923912847,21,0,14,0,100223240,4924906,9663,28204,27,,True
NVDA,double_gas_half_fees,baseline_6h,1000000000,12138475,13399653,0,1.3152,61.565924064309286,0,0,0,0,13825609,587804,845,21091,0,,True
NVDA,double_gas_half_fees,rolling_30m,1000000000,-14129932,-12868754,-26268407,3.9948,66.66627520522366,5,0,5,0,25805020,2793044,6328,22884,5,,True
NVDA,double_gas_half_fees,rolling_60m,1000000000,12138475,13399653,0,1.3152,61.565924064309286,0,0,0,0,13825609,587804,845,21091,0,,True
NVDA,double_gas_half_fees,ewma_15m,1000000000,12138475,13399653,0,1.3152,61.565924064309286,0,0,0,0,13825609,587804,845,21091,0,,True
NVDA,double_gas_half_fees,ewma_30m,1000000000,12138475,13399653,0,1.3152,61.565924064309286,0,0,0,0,13825609,587804,845,21091,0,,True
NVDA,double_gas_half_fees,ewma_30m_fee_blend,1000000000,12138475,13399653,0,1.3152,61.565924064309286,0,0,0,0,13825609,587804,845,21091,0,,True
NVDA,double_gas_half_fees,baseline_6h_early,1000000000,12138475,13399653,0,1.3152,61.565924064309286,0,0,0,0,13825609,587804,845,21224,0,,True
NVDA,double_gas_half_fees,ewma_30m_early,1000000000,12138475,13399653,0,1.3152,61.565924064309286,0,0,0,0,13825609,587804,845,21265,0,,True
NVDA,partial_mint_failure,baseline_6h,1000000000,5035601,6194883,0,4.7935,83.50123108946218,6,0,0,1,67039103,2014096,9031,28669,10,,True
NVDA,partial_mint_failure,rolling_30m,1000000000,69610792,70770074,64575191,2.2549,50.40217203773825,20,0,14,4,140352178,6292582,6723,17175,32,,True
NVDA,partial_mint_failure,rolling_60m,1000000000,58116923,59276205,53081322,2.5941,58.86094427761095,12,0,6,3,102540009,4131340,7042,20016,21,,True
NVDA,partial_mint_failure,ewma_15m,1000000000,33247822,34407104,28212221,3.1943,65.14401873749861,11,0,5,2,86364321,3513766,9572,22293,19,,True
NVDA,partial_mint_failure,ewma_30m,1000000000,46273064,47432346,41237463,3.3366,74.4284008270678,15,0,9,3,112982705,4792912,8679,25435,22,,True
NVDA,partial_mint_failure,ewma_30m_fee_blend,1000000000,13628939,14788221,8593338,3.659,63.97925515365079,9,0,3,2,60675785,3072718,6207,21915,15,,True
NVDA,partial_mint_failure,baseline_6h_early,1000000000,5035601,6194883,0,4.7935,83.50123108946218,6,0,0,1,67039103,2014096,9031,30474,10,,True
NVDA,partial_mint_failure,ewma_30m_early,1000000000,46273064,47432346,41237463,3.3366,74.4284008270678,15,0,9,3,112982705,4792912,8679,27702,22,,True
