session,allocation,status,budget,sourceAt,range,minted0,minted1,idle0,idle1,liquidity,deployedPpm
5,800000,filled,1000000000,2026-09-08T09:01:35.000Z,"{""tickLower"":221880,""tickUpper"":221920,""amount"":""333147701"",""minimum"":""1434199783339852909""}",466852299,1426028784570642534,200000000,15365987172509351,26209862110328812,796283
5,550000,filled,1000000000,2026-09-08T09:01:35.000Z,"{""tickLower"":221880,""tickUpper"":221920,""amount"":""229039044"",""minimum"":""986012738940611505""}",320960956,981197733222883132,450000000,9761562189313315,18025385683611934,547630
6,800000,filled,1000043983,2026-09-08T11:59:46.000Z,"{""tickLower"":221850,""tickUpper"":221890,""amount"":""408791139"",""minimum"":""1755236783062799084""}",391244047,1472651527674060605,200008797,291091740455538572,24073089213487905,732364
6,550000,filled,1000043983,2026-09-08T11:59:46.000Z,"{""tickLower"":221850,""tickUpper"":221890,""amount"":""281043908"",""minimum"":""1206725825292013535""}",268980282,1013344922899337379,450019793,199229108873119288,16557078904150532,503708
7,800000,filled,999967410,2026-09-08T13:12:25.000Z,"{""tickLower"":221820,""tickUpper"":221860,""amount"":""426199282"",""minimum"":""1824658833221218456""}",367040448,1833868402812925724,206727680,10,26030599564799223,793051
7,550000,filled,999967410,2026-09-08T13:12:25.000Z,"{""tickLower"":221820,""tickUpper"":221860,""amount"":""293012006"",""minimum"":""1254453813700575710""}",251988281,1260785397174766056,454967123,55,17884488770199404,544871
8,800000,filled,995136631,2026-09-08T14:25:17.000Z,"{""tickLower"":221980,""tickUpper"":222020,""amount"":""336400789"",""minimum"":""1462792390067693229""}",53940981,1472736442819151840,604794861,62,12921811828230486,392079
8,550000,filled,995136631,2026-09-08T14:25:17.000Z,"{""tickLower"":221980,""tickUpper"":222020,""amount"":""231275543"",""minimum"":""1005670540255540295""}",36947632,1012507197564978567,726913456,26,8879222089797694,269417
9,800000,filled,992872139,2026-09-08T15:23:32.000Z,"{""tickLower"":222040,""tickUpper"":222080,""amount"":""427425005"",""minimum"":""1870647319506592741""}",93387809,1882184868234323533,472059325,79,17290667497577852,524335
9,550000,filled,992872139,2026-09-08T15:23:32.000Z,"{""tickLower"":222040,""tickUpper"":222080,""amount"":""293854691"",""minimum"":""1286071172739463848""}",63991940,1294003354990239493,635025508,101,11880296277195004,360267
10,800000,filled,991996569,2026-09-08T15:46:05.000Z,"{""tickLower"":222040,""tickUpper"":222080,""amount"":""470997333"",""minimum"":""2061800346172830167""}",176328687,2073285027072685323,344670549,4,21485626654250600,652309
10,550000,filled,991996569,2026-09-08T15:46:05.000Z,"{""tickLower"":222040,""tickUpper"":222080,""amount"":""323810666"",""minimum"":""1417489069705348178""}",120937928,1425384795606070718,547247975,5,14761814374091485,448172
11,800000,filled,990035106,2026-09-08T16:04:32.000Z,"{""tickLower"":222070,""tickUpper"":222110,""amount"":""325234046"",""minimum"":""1426953663855141277""}",441740379,1434204636506410483,223060681,26,25481135139390175,774529
11,550000,filled,990035106,2026-09-08T16:04:32.000Z,"{""tickLower"":222070,""tickUpper"":222110,""amount"":""223598407"",""minimum"":""981031079941700684""}",303420956,986016125867419614,463015743,35,17509127027577155,532210
12,800000,filled,988551911,2026-09-08T16:30:11.000Z,"{""tickLower"":222090,""tickUpper"":222130,""amount"":""352698474"",""minimum"":""1550768849015751304""}",438143054,1529890474392380615,197710383,28648804008588708,26085315356871825,793265
12,550000,filled,988551911,2026-09-08T16:30:11.000Z,"{""tickLower"":222090,""tickUpper"":222130,""amount"":""242480201"",""minimum"":""1066154325207174061""}",301223350,1053287161510574326,444848360,18209337609053452,17944845912182980,545710
13,800000,filled,989511551,2026-09-08T18:37:02.000Z,"{""tickLower"":222090,""tickUpper"":222130,""amount"":""337308353"",""minimum"":""1482983252407590502""}",454300887,1419337602177244484,197902311,71031411754903334,25790958821489455,783590
13,550000,filled,989511551,2026-09-08T18:37:02.000Z,"{""tickLower"":222090,""tickUpper"":222130,""amount"":""231899493"",""minimum"":""1019551550639862492""}",312331860,976903937745232306,445280198,47725326742130531,17739631317556202,538972
14,800000,filled,988618471,2026-09-08T19:08:45.000Z,"{""tickLower"":222100,""tickUpper"":222140,""amount"":""466075378"",""minimum"":""2052498951874987843""}",324819398,2057497653576681373,197723695,5319011196469513,26281915468664208,798548
14,550000,filled,988618471,2026-09-08T19:08:45.000Z,"{""tickLower"":222100,""tickUpper"":222140,""amount"":""320426823"",""minimum"":""1411094078195899777""}",223313336,1416701310447286836,444878312,1486200639155515,18085143630908153,549497
15,800000,filled,986819587,2026-09-08T19:31:20.000Z,"{""tickLower"":222110,""tickUpper"":222150,""amount"":""424457083"",""minimum"":""1870702655611097498""}",290708587,1880534279309496255,271653917,38,23813686843433483,724501
15,550000,filled,986819587,2026-09-08T19:31:20.000Z,"{""tickLower"":222110,""tickUpper"":222150,""amount"":""291814244"",""minimum"":""1286109327836102999""}",199457586,1292868575854151093,495547757,55,16358443817496938,497684
16,800000,filled,986144946,2026-09-08T19:53:55.000Z,"{""tickLower"":222110,""tickUpper"":222150,""amount"":""435257117"",""minimum"":""1918409240108584391""}",353658839,1695431688636900545,197228990,232382789030064558,24519260186914040,746600
16,550000,filled,986144946,2026-09-08T19:53:55.000Z,"{""tickLower"":222110,""tickUpper"":222150,""amount"":""299239268"",""minimum"":""1318907672385811009""}",243140452,1167949062233502952,443765226,157424717230584656,16874575305438680,513823
17,800000,filled,984699163,2026-09-08T20:10:19.000Z,"{""tickLower"":222100,""tickUpper"":222140,""amount"":""391784068"",""minimum"":""1724700555888724426""}",395975262,1636384422427990739,196939833,96890420351342243,25484238963746953,777570
17,550000,filled,984699163,2026-09-08T20:10:19.000Z,"{""tickLower"":222100,""tickUpper"":222140,""amount"":""269351546"",""minimum"":""1185732534783051041""}",272232993,1126555200770658652,443114624,65072066382129348,17532001215930660,534933
18,800000,filled,983543123,2026-09-08T20:38:00.000Z,"{""tickLower"":222100,""tickUpper"":222140,""amount"":""490300333"",""minimum"":""2159472089084516849""}",287912334,2170394620002031022,205330456,81,25901921361121305,790983
18,550000,filled,983543123,2026-09-08T20:38:00.000Z,"{""tickLower"":222100,""tickUpper"":222140,""amount"":""337081479"",""minimum"":""1484638341664831973""}",197574259,1492147588167933119,448887385,33,17795412506201549,543429
19,800000,filled,982735585,2026-09-08T21:45:36.000Z,"{""tickLower"":222110,""tickUpper"":222150,""amount"":""334699120"",""minimum"":""1474455110066409517""}",451489348,1470002323511924702,196547117,11855317686021678,26082627670775362,797105
19,550000,filled,982735585,2026-09-08T21:45:36.000Z,"{""tickLower"":222110,""tickUpper"":222150,""amount"":""230105644"",""minimum"":""1013688479513710102""}",310398927,1011843043759909084,442231014,6934678874211467,17940950244528834,548289
20,800000,filled,981039753,2026-09-09T00:11:52.000Z,"{""tickLower"":222100,""tickUpper"":222140,""amount"":""446723317"",""minimum"":""1967118594953581118""}",338108485,1949665098255804120,196207951,27319197478310873,25913603600164095,793482
20,550000,filled,981039753,2026-09-09T00:11:52.000Z,"{""tickLower"":222100,""tickUpper"":222140,""amount"":""307122281"",""minimum"":""1352394960504723661""}",232449583,1342266550366492420,441467889,16911084065841758,17829675256335428,545949
21,800000,filled,979842038,2026-09-09T01:01:08.000Z,"{""tickLower"":222090,""tickUpper"":222130,""amount"":""471075894"",""minimum"":""2072543575971423754""}",312797736,2042851782966387397,195968408,40076392088207815,25774067274886132,790512
21,550000,filled,979842038,2026-09-09T01:01:08.000Z,"{""tickLower"":222090,""tickUpper"":222130,""amount"":""323864677"",""minimum"":""1424874743442930818""}",215048443,1406589120865630596,440928918,25425039625157650,17735681358828190,543968
22,800000,filled,979595025,2026-09-09T02:29:27.000Z,"{""tickLower"":222090,""tickUpper"":222130,""amount"":""367315765"",""minimum"":""1615186956223330755""}",408946551,1623337201913213461,203332709,61,25817154582736118,792243
22,550000,filled,979595025,2026-09-09T02:29:27.000Z,"{""tickLower"":222090,""tickUpper"":222130,""amount"":""252529588"",""minimum"":""1110441613078427000""}",280854746,1116044909926400041,446210691,23,17739451120375992,544365
23,800000,filled,978803647,2026-09-09T03:00:12.000Z,"{""tickLower"":222080,""tickUpper"":222120,""amount"":""481095568"",""minimum"":""2114624708527446857""}",301947349,2113960155812099556,195760730,11288148089058306,25950793992780116,797143
23,550000,filled,978803647,2026-09-09T03:00:12.000Z,"{""tickLower"":222080,""tickUpper"":222120,""amount"":""330753203"",""minimum"":""1453805456685661501""}",207588802,1455395765192925467,440461642,5713418182558935,17856583813505659,548509
24,800000,filled,977336080,2026-09-09T04:03:38.000Z,"{""tickLower"":222090,""tickUpper"":222130,""amount"":""311982896"",""minimum"":""1371491280997160316""}",453771866,1378432258468438857,211581318,17,25465570361519285,783352
24,550000,filled,977336080,2026-09-09T04:03:38.000Z,"{""tickLower"":222090,""tickUpper"":222130,""amount"":""214488241"",""minimum"":""942900650002592628""}",311740298,947672509792911661,451107541,3,17500002987312295,538321
25,800000,filled,976522051,2026-09-09T05:17:28.000Z,"{""tickLower"":222090,""tickUpper"":222130,""amount"":""335013090"",""minimum"":""1472909009145785260""}",445485827,1480315715963870373,196023134,49,25956560442382127,799092
25,550000,filled,976522051,2026-09-09T05:17:28.000Z,"{""tickLower"":222090,""tickUpper"":222130,""amount"":""230321499"",""minimum"":""1012625320657766979""}",306038094,1017717433491000337,440162458,9,17837374051851992,549136
26,800000,filled,975438231,2026-09-09T05:42:06.000Z,"{""tickLower"":222090,""tickUpper"":222130,""amount"":""357741738"",""minimum"":""1573023341520756173""}",422608846,1507333660164020078,195087647,73522937213090943,25398864387668163,782767
26,550000,filled,975438231,2026-09-09T05:42:06.000Z,"{""tickLower"":222090,""tickUpper"":222130,""amount"":""245947445"",""minimum"":""1081453978394083059""}",290543582,1037128927915516468,438947204,49710416016784099,17468017035928544,538346
27,800000,filled,975425201,2026-09-09T07:19:21.000Z,"{""tickLower"":222090,""tickUpper"":222130,""amount"":""322763527"",""minimum"":""1418966980696679219""}",453938864,1426110336303778011,198722810,52,25829877832416745,796104
27,550000,filled,975425201,2026-09-09T07:19:21.000Z,"{""tickLower"":222090,""tickUpper"":222130,""amount"":""221899925"",""minimum"":""975540068342279077""}",311906666,980451126676039032,441618610,20,17752178741037122,547141
28,800000,filled,974985604,2026-09-09T08:25:48.000Z,"{""tickLower"":222080,""tickUpper"":222120,""amount"":""389543517"",""minimum"":""1711427201685423904""}",390444966,1710448013846074146,194997121,9573743759845006,25856962903173055,797576
28,550000,filled,974985604,2026-09-09T08:25:48.000Z,"{""tickLower"":222080,""tickUpper"":222120,""amount"":""267811168"",""minimum"":""1176606722162058879""}",268430914,1176977118473304219,438743522,5538363499652587,17784520810861709,548576
29,800000,filled,973985271,2026-09-09T08:55:33.000Z,"{""tickLower"":222080,""tickUpper"":222120,""amount"":""486769433"",""minimum"":""2139652997996025508""}",284883791,2150464066641889287,202332047,63,25657952639732441,792012
29,550000,filled,973985271,2026-09-09T08:55:33.000Z,"{""tickLower"":222080,""tickUpper"":222120,""amount"":""334653986"",""minimum"":""1471012247675740392""}",195626976,1478444861481461543,443704309,60,17632177573900288,544272
30,800000,filled,972467658,2026-09-09T09:44:49.000Z,"{""tickLower"":222110,""tickUpper"":222150,""amount"":""358540646"",""minimum"":""1579707107272249810""}",415098973,1587666045383811762,198828039,1,25755323835799655,795357
30,550000,filled,972467658,2026-09-09T09:44:49.000Z,"{""tickLower"":222110,""tickUpper"":222150,""amount"":""246496694"",""minimum"":""1086049179315593650""}",285093007,1091520952006956172,440877957,22,17697214603401417,546512
31,800000,filled,970067291,2026-09-09T10:09:27.000Z,"{""tickLower"":222160,""tickUpper"":222200,""amount"":""368344546"",""minimum"":""1631126192907018206""}",407709286,1627938904917178175,194013459,11378153496724082,25815377293201221,797175
31,550000,filled,970067291,2026-09-09T10:09:27.000Z,"{""tickLower"":222160,""tickUpper"":222200,""amount"":""253236876"",""minimum"":""1121399950331243319""}",280300134,1120591393727882624,436530281,6439780116629000,17758443431238754,548378
32,800000,filled,971876645,2026-09-09T13:34:13.000Z,"{""tickLower"":222140,""tickUpper"":222180,""amount"":""433443364"",""minimum"":""1916198276664840992""}",344057952,683101694436010904,194375329,1240824577971808642,16599674859539606,512284
32,550000,filled,971876645,2026-09-09T13:34:13.000Z,"{""tickLower"":222140,""tickUpper"":222180,""amount"":""297992312"",""minimum"":""1317387751256877977""}",236539842,470782487218628260,437344491,851918200160776103,11420910812356190,352461
33,800000,filled,971024524,2026-09-09T14:00:55.000Z,"{""tickLower"":222140,""tickUpper"":222180,""amount"":""429514032"",""minimum"":""1898793436627237885""}",254654579,1908917538082339570,286855913,2,22817259096655994,704361
33,550000,filled,971024524,2026-09-09T14:00:55.000Z,"{""tickLower"":222140,""tickUpper"":222180,""amount"":""295290897"",""minimum"":""1305421710950926236""}",174724349,1312382037411179511,501009278,34,15675176088220124,483887
34,800000,filled,967991893,2026-09-09T14:16:19.000Z,"{""tickLower"":222170,""tickUpper"":222210,""amount"":""392699655"",""minimum"":""1740941283138343655""}",272788404,1750280286492506354,302503834,15,22225945113308429,687289
34,550000,filled,967991893,2026-09-09T14:16:19.000Z,"{""tickLower"":222170,""tickUpper"":222210,""amount"":""269981013"",""minimum"":""1196898225994989978""}",187187686,1203318796854405276,510823194,55,15268507733564570,472145
35,800000,filled,966145358,2026-09-09T14:34:40.000Z,"{""tickLower"":222140,""tickUpper"":222180,""amount"":""313980825"",""minimum"":""1387232096802113151""}",337922329,1394627927814727880,314242204,42,21735709418958851,674583
35,550000,filled,966145358,2026-09-09T14:34:40.000Z,"{""tickLower"":222140,""tickUpper"":222180,""amount"":""215861817"",""minimum"":""953722572204600904""}",232075270,958807208798948230,518208271,52,14935088915844691,463521
36,800000,filled,964100700,2026-09-09T14:50:59.000Z,"{""tickLower"":222160,""tickUpper"":222200,""amount"":""299617294"",""minimum"":""1326326703105789729""}",448396321,1333060274551836701,216087085,3,24962607266981479,775710
36,550000,filled,964100700,2026-09-09T14:50:59.000Z,"{""tickLower"":222160,""tickUpper"":222200,""amount"":""205986889"",""minimum"":""911850116985782009""}",307911668,916479449950294992,450202143,44,17149753273699376,532927
37,800000,filled,963082864,2026-09-09T15:26:48.000Z,"{""tickLower"":222190,""tickUpper"":222230,""amount"":""472134424"",""minimum"":""2098173004225188312""}",287743093,2108801105526127500,203205347,34,25405280448925073,788758
37,550000,filled,963082864,2026-09-09T15:26:48.000Z,"{""tickLower"":222190,""tickUpper"":222230,""amount"":""324592417"",""minimum"":""1442495459182788785""}",197428001,1449802125714011414,441062446,51,17452917679220097,541861
38,800000,filled,963026511,2026-09-09T15:45:15.000Z,"{""tickLower"":222170,""tickUpper"":222210,""amount"":""448261105"",""minimum"":""1987854544782216307""}",322160103,1908138449119978886,192605303,89625872652050862,25057960923454327,778893
38,550000,filled,963026511,2026-09-09T15:45:15.000Z,"{""tickLower"":222170,""tickUpper"":222210,""amount"":""308179510"",""minimum"":""1366651191286606218""}",221485071,1314179888811940427,433361930,59284280072444236,17244839776760651,536033
39,800000,filled,962134757,2026-09-09T16:24:13.000Z,"{""tickLower"":222190,""tickUpper"":222230,""amount"":""344171278"",""minimum"":""1528491120873203065""}",425536527,1421042704988369075,192426952,115017279383331292,24864619924291739,773048
39,550000,filled,962134757,2026-09-09T16:24:13.000Z,"{""tickLower"":222190,""tickUpper"":222230,""amount"":""236617754"",""minimum"":""1050838340404009850""}",292556362,978283465588501032,432960641,77758471885919265,17104283172029398,531777
40,800000,filled,962125304,2026-09-09T16:59:10.000Z,"{""tickLower"":222170,""tickUpper"":222210,""amount"":""383153070"",""minimum"":""1698557401313405885""}",382362385,1707116385270666571,196609849,37,25562781732282364,795450
40,550000,filled,962125304,2026-09-09T16:59:10.000Z,"{""tickLower"":222170,""tickUpper"":222210,""amount"":""263417736"",""minimum"":""1167758866689851592""}",262610902,1173643105280069939,436096666,48,17565624391901561,546598
41,800000,filled,962010453,2026-09-09T18:59:08.000Z,"{""tickLower"":222190,""tickUpper"":222230,""amount"":""302736372"",""minimum"":""1344187338126372189""}",447925981,1350998474044452725,211348100,47,25088674220546007,780148
41,550000,filled,962010453,2026-09-09T18:59:08.000Z,"{""tickLower"":222190,""tickUpper"":222230,""amount"":""208131256"",""minimum"":""924129160658559737""}",307697334,928811818462897891,446181863,15,17240049653141275,536090
42,800000,filled,961889597,2026-09-09T19:33:02.000Z,"{""tickLower"":222170,""tickUpper"":222210,""amount"":""325626106"",""minimum"":""1443103930883892846""}",232978988,1451286328838536272,403284503,21,18656006123814887,580567
42,550000,filled,961889597,2026-09-09T19:33:02.000Z,"{""tickLower"":222170,""tickUpper"":222210,""amount"":""223867948"",""minimum"":""992134374038729163""}",160046572,997759737658314750,577975077,48,12821781701319557,399008
43,800000,filled,959999057,2026-09-10T00:04:18.000Z,"{""tickLower"":222190,""tickUpper"":222230,""amount"":""442469804"",""minimum"":""1966058059533755924""}",313662140,1976014520435379005,203867113,61,25278280374465416,787407
43,550000,filled,959999057,2026-09-10T00:04:18.000Z,"{""tickLower"":222190,""tickUpper"":222230,""amount"":""304197991"",""minimum"":""1351665585473421049""}",215423978,1358510655746147349,440377088,19,17371507815159289,541114
44,800000,filled,958543751,2026-09-10T00:34:03.000Z,"{""tickLower"":222210,""tickUpper"":222250,""amount"":""336817695"",""minimum"":""1498782543335147289""}",430017305,1502856449142888139,191708751,3455430065931127,25630056105914578,799018
44,550000,filled,958543751,2026-09-10T00:34:03.000Z,"{""tickLower"":222210,""tickUpper"":222250,""amount"":""231562165"",""minimum"":""1030413198319651266""}",295636898,1033631101436261570,431344688,1958516299991847,17623784532266031,549422
45,800000,filled,957501999,2026-09-10T01:14:01.000Z,"{""tickLower"":222210,""tickUpper"":222250,""amount"":""416782902"",""minimum"":""1855390202640714190""}",246819085,1865347218678968894,293900012,71,22208945863457321,692836
45,550000,filled,957501999,2026-09-10T01:14:01.000Z,"{""tickLower"":222210,""tickUpper"":222250,""amount"":""286538245"",""minimum"":""1275581585840541500""}",169453495,1282427038916333418,501510259,55,15260801712268020,476080
46,800000,filled,955999049,2026-09-10T01:43:46.000Z,"{""tickLower"":222240,""tickUpper"":222280,""amount"":""337540971"",""minimum"":""1506524148129284018""}",427258268,1312579921851625019,191199810,201308987999881868,24121347041511697,752896
46,550000,filled,955999049,2026-09-10T01:43:46.000Z,"{""tickLower"":222240,""tickUpper"":222280,""amount"":""232059417"",""minimum"":""1035736016012694936""}",293740059,903526563094756498,430199573,137272687138256746,16591849380894673,517878
47,800000,filled,956400573,2026-09-10T04:54:08.000Z,"{""tickLower"":222220,""tickUpper"":222260,""amount"":""377089033"",""minimum"":""1680021309774035220""}",388031425,1450472421777564013,191280115,237739269154523623,23834310222358931,744306
47,550000,filled,956400573,2026-09-10T04:54:08.000Z,"{""tickLower"":222220,""tickUpper"":222260,""amount"":""259248710"",""minimum"":""1155015123859124116""}",266771605,998028501984152782,430380258,162617511193326196,16392282903402130,511904
48,800000,filled,955810387,2026-09-10T05:27:03.000Z,"{""tickLower"":222210,""tickUpper"":222250,""amount"":""438590694"",""minimum"":""1952703206982839252""}",322416428,1962542483147096609,194803265,44,25466303859098703,795960
48,550000,filled,955810387,2026-09-10T05:27:03.000Z,"{""tickLower"":222210,""tickUpper"":222250,""amount"":""301531102"",""minimum"":""1342484106262493246""}",221440935,1349248611912461472,432838350,47,17500712597967427,546992
49,800000,filled,953975606,2026-09-10T06:34:43.000Z,"{""tickLower"":222230,""tickUpper"":222270,""amount"":""363395400"",""minimum"":""1620524055243302334""}",370712481,1628794518099110216,219867725,45,24587437826812357,769333
49,550000,filled,953975606,2026-09-10T06:34:43.000Z,"{""tickLower"":222230,""tickUpper"":222270,""amount"":""249834338"",""minimum"":""1114110825059607506""}",254618941,1119796770994484975,449522327,8,16895629916918765,528659
50,800000,filled,953608864,2026-09-10T07:12:39.000Z,"{""tickLower"":222220,""tickUpper"":222260,""amount"":""387820388"",""minimum"":""1727938720572585555""}",370813742,1736646491648141971,194974734,9,25396817621134169,795336
50,550000,filled,953608864,2026-09-10T07:12:39.000Z,"{""tickLower"":222220,""tickUpper"":222260,""amount"":""266626517"",""minimum"":""1187958482231626379""}",254671956,1193945077933730754,432310391,51,17451527023161471,546518
51,800000,filled,952225448,2026-09-10T07:50:29.000Z,"{""tickLower"":222220,""tickUpper"":222260,""amount"":""424087839"",""minimum"":""1889894143094791402""}",335494821,1899409241980358680,192642788,58,25430539720430678,797468
51,550000,filled,952225448,2026-09-10T07:50:29.000Z,"{""tickLower"":222220,""tickUpper"":222260,""amount"":""291560389"",""minimum"":""1299302949151322592""}",230389881,1305844583292728039,430275178,23,17474700305127166,547983
52,800000,filled,950983597,2026-09-10T08:14:00.000Z,"{""tickLower"":222230,""tickUpper"":222270,""amount"":""392882526"",""minimum"":""1752300742911351927""}",367904351,1494841312653011447,190196720,265981871415524198,23492629477262112,737418
52,550000,filled,950983597,2026-09-10T08:14:00.000Z,"{""tickLower"":222230,""tickUpper"":222270,""amount"":""270106737"",""minimum"":""1204707420480001815""}",252934241,1028813414051703059,427942619,181753177597754941,16159475570867715,507235
53,800000,filled,950293195,2026-09-10T12:00:23.000Z,"{""tickLower"":222250,""tickUpper"":222290,""amount"":""474298647"",""minimum"":""2120570036101415453""}",282908839,2131258928729065072,193085709,62,25392325483383742,796563
53,550000,filled,950293195,2026-09-10T12:00:23.000Z,"{""tickLower"":222250,""tickUpper"":222290,""amount"":""326080320"",""minimum"":""1457893233373239469""}",194119760,1465241853786933238,430093115,77,17444484574047611,547237
54,800000,filled,949059307,2026-09-10T12:17:53.000Z,"{""tickLower"":222260,""tickUpper"":222300,""amount"":""363706121"",""minimum"":""1626800043016513501""}",315599215,1635350481952670354,269753971,27,22787538692796203,715574
54,550000,filled,949059307,2026-09-10T12:17:53.000Z,"{""tickLower"":222260,""tickUpper"":222300,""amount"":""250047958"",""minimum"":""1118425818381746375""}",216657411,1124304276164205760,482353938,71,15655800587940870,491623
