horizonMinutes,regime,start,end,day,startCheckpoint,endCheckpoint,minutes,maxCheckpointGapSeconds,startTick,endTick,minTick,maxTick,absoluteReturnPct,returnPct,endpointTicks,peakExcursionTicks,downPriceTicks,upPriceTicks,swaps,volumeUsdg,cross10,cross20,cross30,cross40,cross50
30,weekend,2026-09-05T12:32:48.000Z,2026-09-05T13:07:45.000Z,2026-09-05,1,8,34.95,412.0,221905,221903,221902,221906,0.02008637913006872,0.02008637913006872,2,3,1,3,6652,883459.9751540001,False,False,False,False,False
30,weekend,2026-09-05T13:07:45.000Z,2026-09-05T13:38:28.000Z,2026-09-05,8,14,30.716666666666665,310.0,221903,221898,221895,221903,0.048831155116801916,0.048831155116801916,5,8,0,8,7436,926864.969456,False,False,False,False,False
30,weekend,2026-09-05T13:38:28.000Z,2026-09-05T14:08:51.000Z,2026-09-05,14,20,30.383333333333333,309.0,221898,221895,221895,221899,0.02743092712313988,0.02743092712313988,3,3,1,3,4937,729511.422392,False,False,False,False,False
30,weekend,2026-09-05T14:08:51.000Z,2026-09-05T14:39:37.000Z,2026-09-05,20,26,30.766666666666666,311.0,221895,221888,221888,221895,0.06841653827187599,0.06841653827187599,7,7,0,7,9746,1241275.32638,False,False,False,False,False
30,weekend,2026-09-05T14:39:37.000Z,2026-09-05T15:10:21.000Z,2026-09-05,26,32,30.733333333333334,310.0,221888,221886,221885,221889,0.025281121119102856,0.025281121119102856,2,3,1,3,3781,631987.6445190001,False,False,False,False,False
30,weekend,2026-09-05T15:41:10.000Z,2026-09-05T16:11:59.000Z,2026-09-05,37,43,30.816666666666666,314.0,221882,221885,221882,221885,0.035423308896964656,-0.035423308896964656,3,3,3,0,2730,457363.976577,False,False,False,False,False
30,weekend,2026-09-05T16:11:59.000Z,2026-09-05T16:42:54.000Z,2026-09-05,43,49,30.916666666666668,312.0,221885,221879,221874,221887,0.06304772929068836,0.06304772929068836,6,11,2,11,1846,1125252.895709,True,False,False,False,False
30,weekend,2026-09-05T17:28:57.000Z,2026-09-05T17:59:30.000Z,2026-09-05,53,59,30.55,311.0,221880,221879,221879,221883,0.00928853752930614,0.00928853752930614,1,3,3,1,2223,400242.159623,False,False,False,False,False
30,weekend,2026-09-05T18:09:44.000Z,2026-09-05T18:40:28.000Z,2026-09-05,60,66,30.733333333333334,314.0,221880,221888,221880,221889,0.08313295535090637,-0.08313295535090637,8,9,9,0,1391,306107.75243,False,False,False,False,False
30,weekend,2026-09-05T18:40:28.000Z,2026-09-05T19:11:09.000Z,2026-09-05,66,72,30.683333333333334,311.0,221888,221889,221888,221891,0.006453973873621344,-0.006453973873621344,1,3,3,0,1713,294970.41068300005,False,False,False,False,False
30,weekend,2026-09-05T19:11:09.000Z,2026-09-05T19:41:57.000Z,2026-09-05,72,78,30.8,313.0,221889,221889,221883,221889,0.0011095987513809469,-0.0011095987513809469,0,6,0,6,3388,522638.375095,False,False,False,False,False
30,weekend,2026-09-05T19:41:57.000Z,2026-09-05T20:13:01.000Z,2026-09-05,78,84,31.066666666666666,313.0,221889,221890,221889,221892,0.013695267474111983,-0.013695267474111983,1,3,3,0,1222,194592.15126200003,False,False,False,False,False
30,weekend,2026-09-05T20:13:01.000Z,2026-09-05T20:43:46.000Z,2026-09-05,84,90,30.75,312.0,221890,221891,221888,221892,0.0075561900110932,-0.0075561900110932,1,2,2,2,1954,262652.84854000004,False,False,False,False,False
30,weekend,2026-09-05T20:43:46.000Z,2026-09-05T21:14:30.000Z,2026-09-05,90,96,30.733333333333334,312.0,221891,221891,221889,221892,0.004729773251288538,-0.004729773251288538,0,2,1,2,967,213393.798482,False,False,False,False,False
30,weekend,2026-09-05T21:14:30.000Z,2026-09-05T21:45:29.000Z,2026-09-05,96,102,30.983333333333334,314.0,221891,221891,221890,221892,0.006530706227314553,0.006530706227314553,0,1,1,1,1313,184086.06567,False,False,False,False,False
30,weekend,2026-09-05T22:11:07.000Z,2026-09-05T22:42:33.000Z,2026-09-05,106,112,31.433333333333334,320.0,221888,221888,221886,221889,0.0010403966152150446,-0.0010403966152150446,0,2,1,2,3355,396061.90507,False,False,False,False,False
30,weekend,2026-09-05T22:42:33.000Z,2026-09-05T23:13:52.000Z,2026-09-05,112,118,31.316666666666666,320.0,221888,221886,221885,221888,0.01628942470466299,0.01628942470466299,2,3,0,3,5633,706987.151571,False,False,False,False,False
30,weekend,2026-09-05T23:13:52.000Z,2026-09-05T23:45:12.000Z,2026-09-05,118,124,31.333333333333332,320.0,221886,221883,221882,221886,0.027779365690960844,0.027779365690960844,3,4,0,4,1165,248849.223659,False,False,False,False,False
30,weekend,2026-09-06T00:06:02.000Z,2026-09-06T00:37:25.000Z,2026-09-05,127,133,31.383333333333333,320.0,221885,221888,221885,221889,0.03513047180124795,-0.03513047180124795,3,4,4,0,535,145121.360722,False,False,False,False,False
30,weekend,2026-09-06T00:37:25.000Z,2026-09-06T01:07:54.000Z,2026-09-05,133,139,30.483333333333334,308.0,221888,221886,221886,221888,0.023438176802770272,0.023438176802770272,2,2,0,2,1514,226620.26697799997,False,False,False,False,False
30,weekend,2026-09-06T01:07:54.000Z,2026-09-06T01:38:37.000Z,2026-09-05,139,145,30.716666666666665,311.0,221886,221884,221884,221886,0.014887124317719547,0.014887124317719547,2,2,0,2,1022,140342.787422,False,False,False,False,False
30,weekend,2026-09-06T01:38:37.000Z,2026-09-06T02:09:20.000Z,2026-09-05,145,151,30.716666666666665,311.0,221884,221883,221883,221885,0.014685034590522505,0.014685034590522505,1,1,1,1,3723,421169.426099,False,False,False,False,False
30,weekend,2026-09-06T02:09:20.000Z,2026-09-06T02:40:06.000Z,2026-09-05,151,157,30.766666666666666,311.0,221883,221882,221882,221884,0.0032738490815642507,0.0032738490815642507,1,1,1,1,3231,434002.501778,False,False,False,False,False
30,weekend,2026-09-06T02:40:06.000Z,2026-09-06T03:11:22.000Z,2026-09-05,157,163,31.266666666666666,317.0,221882,221885,221882,221885,0.020807727246974217,-0.020807727246974217,3,3,3,0,420,101583.556684,False,False,False,False,False
30,weekend,2026-09-06T03:32:22.000Z,2026-09-06T04:03:52.000Z,2026-09-05,166,172,31.5,323.0,221885,221885,221882,221886,0.001742376870017548,-0.001742376870017548,0,3,1,3,1342,322597.84196,False,False,False,False,False
30,weekend,2026-09-06T04:03:52.000Z,2026-09-06T04:35:22.000Z,2026-09-06,172,178,31.5,320.0,221885,221881,221879,221885,0.037197838958458185,0.037197838958458185,4,6,0,6,2299,369619.61331000004,False,False,False,False,False
30,weekend,2026-09-06T04:35:22.000Z,2026-09-06T05:06:32.000Z,2026-09-06,178,184,31.166666666666668,320.0,221881,221883,221881,221883,0.01994397639439871,-0.01994397639439871,2,2,2,0,3600,292874.327072,False,False,False,False,False
30,weekend,2026-09-06T05:06:32.000Z,2026-09-06T05:37:52.000Z,2026-09-06,184,190,31.333333333333332,320.0,221883,221883,221883,221884,0.0009649510231191094,-0.0009649510231191094,0,1,1,0,627,94822.182622,False,False,False,False,False
30,weekend,2026-09-06T05:37:52.000Z,2026-09-06T06:09:11.000Z,2026-09-06,190,196,31.316666666666666,319.0,221883,221879,221878,221883,0.04327668609565016,0.04327668609565016,4,5,0,5,1206,202228.955109,False,False,False,False,False
30,weekend,2026-09-06T06:09:11.000Z,2026-09-06T06:40:01.000Z,2026-09-06,196,202,30.833333333333332,318.0,221879,221880,221879,221880,0.0127754019300097,-0.0127754019300097,1,1,1,0,513,62941.985673,False,False,False,False,False
30,weekend,2026-09-06T07:37:22.000Z,2026-09-06T08:08:37.000Z,2026-09-06,211,217,31.25,320.0,221876,221872,221872,221877,0.036130192683669904,0.036130192683669904,4,4,1,4,496,180509.520793,False,False,False,False,False
30,weekend,2026-09-06T08:08:37.000Z,2026-09-06T08:39:52.000Z,2026-09-06,217,223,31.25,317.0,221872,221873,221868,221873,0.005314223120056472,-0.005314223120056472,1,4,1,4,3949,488057.383649,False,False,False,False,False
30,weekend,2026-09-06T08:39:52.000Z,2026-09-06T09:10:52.000Z,2026-09-06,223,229,31.0,316.0,221873,221872,221872,221873,0.009429307413744148,0.009429307413744148,1,1,0,1,841,120551.11426100001,False,False,False,False,False
30,weekend,2026-09-06T09:41:35.000Z,2026-09-06T10:12:11.000Z,2026-09-06,234,240,30.6,310.0,221872,221870,221870,221874,0.012667400497812231,0.012667400497812231,2,2,2,2,404,235410.735386,False,False,False,False,False
30,weekend,2026-09-06T10:12:11.000Z,2026-09-06T10:42:59.000Z,2026-09-06,240,246,30.8,311.0,221870,221871,221870,221872,0.008858700949221365,-0.008858700949221365,1,2,2,0,503,109755.844325,False,False,False,False,False
30,weekend,2026-09-06T10:42:59.000Z,2026-09-06T11:14:05.000Z,2026-09-06,246,252,31.1,315.0,221871,221868,221868,221874,0.03221913224702444,0.03221913224702444,3,3,3,3,613,269254.929116,False,False,False,False,False
30,weekend,2026-09-06T11:14:05.000Z,2026-09-06T11:44:45.000Z,2026-09-06,252,258,30.666666666666668,312.0,221868,221867,221867,221868,0.007682640342743241,0.007682640342743241,1,1,0,1,545,72585.15211299999,False,False,False,False,False
30,weekend,2026-09-06T11:44:45.000Z,2026-09-06T12:15:32.000Z,2026-09-06,258,264,30.783333333333335,315.0,221867,221867,221866,221867,0.0021549422804190144,0.0021549422804190144,0,1,0,1,1270,143975.98631599997,False,False,False,False,False
30,weekend,2026-09-06T12:15:32.000Z,2026-09-06T12:46:42.000Z,2026-09-06,264,270,31.166666666666668,315.0,221867,221867,221865,221867,0.0028394914621698852,-0.0028394914621698852,0,2,0,2,4501,509187.66615,False,False,False,False,False
30,weekend,2026-09-06T12:46:42.000Z,2026-09-06T13:18:12.000Z,2026-09-06,270,276,31.5,320.0,221867,221870,221866,221870,0.028190383803172736,-0.028190383803172736,3,3,3,1,1142,237355.96849399997,False,False,False,False,False
30,weekend,2026-09-06T13:18:12.000Z,2026-09-06T13:49:12.000Z,2026-09-06,276,282,31.0,310.0,221870,221878,221870,221879,0.08167800538263492,-0.08167800538263492,8,9,9,0,1356,538541.637401,False,False,False,False,False
30,weekend,2026-09-06T13:49:12.000Z,2026-09-06T14:20:22.000Z,2026-09-06,282,288,31.166666666666668,318.0,221878,221876,221875,221879,0.025512095276924995,0.025512095276924995,2,3,1,3,1286,419516.93495799997,False,False,False,False,False
30,weekend,2026-09-06T14:20:22.000Z,2026-09-06T14:51:32.000Z,2026-09-06,288,294,31.166666666666668,315.0,221876,221883,221876,221884,0.07466250020732312,-0.07466250020732312,7,8,8,0,1061,312136.73566099996,False,False,False,False,False
30,weekend,2026-09-06T14:51:32.000Z,2026-09-06T15:22:52.000Z,2026-09-06,294,300,31.333333333333332,320.0,221883,221883,221881,221883,0.0001674189298084272,-0.0001674189298084272,0,2,0,2,922,182668.87204800002,False,False,False,False,False
30,weekend,2026-09-06T15:22:52.000Z,2026-09-06T15:54:02.000Z,2026-09-06,300,306,31.166666666666668,315.0,221883,221881,221880,221884,0.022705500608077855,0.022705500608077855,2,3,1,3,7584,841046.782717,False,False,False,False,False
30,weekend,2026-09-06T15:54:02.000Z,2026-09-06T16:25:31.000Z,2026-09-06,306,312,31.483333333333334,320.0,221881,221882,221881,221882,0.007784158398005392,-0.007784158398005392,1,1,1,0,3630,417946.29108500003,False,False,False,False,False
30,weekend,2026-09-06T17:06:52.000Z,2026-09-06T17:38:08.000Z,2026-09-06,318,324,31.266666666666666,320.0,221880,221882,221880,221884,0.020335424965955973,-0.020335424965955973,2,4,4,0,677,254572.91382800002,False,False,False,False,False
30,weekend,2026-09-06T17:38:08.000Z,2026-09-06T18:09:12.000Z,2026-09-06,324,330,31.066666666666666,324.0,221882,221881,221881,221882,0.01581689892629079,0.01581689892629079,1,1,0,1,1729,287861.900812,False,False,False,False,False
30,weekend,2026-09-07T00:32:12.000Z,2026-09-07T01:02:43.000Z,2026-09-06,377,383,30.516666666666666,309.0,221876,221878,221875,221878,0.021573605304947563,-0.021573605304947563,2,2,2,1,1456,194705.684595,False,False,False,False,False
30,weekend,2026-09-07T01:02:43.000Z,2026-09-07T01:33:03.000Z,2026-09-06,383,389,30.333333333333332,311.0,221878,221883,221878,221884,0.05584945277419262,-0.05584945277419262,5,6,6,0,1013,189372.93513199998,False,False,False,False,False
30,weekend,2026-09-07T01:33:03.000Z,2026-09-07T02:03:46.000Z,2026-09-06,389,395,30.716666666666665,312.0,221883,221872,221870,221884,0.11957440876633196,0.11957440876633196,11,13,1,13,462,287449.364769,True,False,False,False,False
30,weekend,2026-09-07T02:44:22.000Z,2026-09-07T03:14:47.000Z,2026-09-06,400,406,30.416666666666668,308.0,221864,221865,221858,221866,0.006190717869258844,-0.006190717869258844,1,6,2,6,753,309852.32797600003,False,False,False,False,False
30,holiday,2026-09-07T08:57:49.000Z,2026-09-07T09:28:08.000Z,2026-09-07,444,472,30.316666666666666,201.0,221810,221823,221799,221825,0.12416282766601894,-0.12416282766601894,13,15,15,11,1339,551462.299564,True,False,False,False,False
30,holiday,2026-09-07T09:28:08.000Z,2026-09-07T09:58:49.000Z,2026-09-07,472,500,30.683333333333334,124.0,221823,221834,221822,221834,0.11563842907849065,-0.11563842907849065,11,11,11,1,925,277754.333953,True,False,False,False,False
30,holiday,2026-09-07T09:58:49.000Z,2026-09-07T10:29:26.000Z,2026-09-07,500,527,30.616666666666667,123.0,221834,221838,221834,221841,0.04045738887298311,-0.04045738887298311,4,7,7,0,4499,641903.5560000001,False,False,False,False,False
30,holiday,2026-09-07T10:29:26.000Z,2026-09-07T11:00:10.000Z,2026-09-07,527,557,30.733333333333334,63.0,221838,221839,221834,221841,0.007243847563287442,-0.007243847563287442,1,4,3,4,2203,409409.339566,False,False,False,False,False
30,holiday,2026-09-07T11:00:10.000Z,2026-09-07T11:30:52.000Z,2026-09-07,557,586,30.7,123.0,221839,221838,221837,221841,0.01094493311095679,0.01094493311095679,1,2,2,2,1475,233544.91595400005,False,False,False,False,False
30,holiday,2026-09-07T11:30:52.000Z,2026-09-07T12:00:52.000Z,2026-09-07,586,615,30.0,82.0,221838,221848,221838,221849,0.10084280378753752,-0.10084280378753752,10,11,11,0,1678,303772.761476,True,False,False,False,False
30,holiday,2026-09-07T12:00:52.000Z,2026-09-07T12:31:34.000Z,2026-09-07,615,645,30.7,63.0,221848,221846,221845,221848,0.0253122916484827,0.0253122916484827,2,3,0,3,1557,203199.48688200006,False,False,False,False,False
30,holiday,2026-09-07T12:31:34.000Z,2026-09-07T13:02:14.000Z,2026-09-07,645,675,30.666666666666668,63.0,221846,221836,221835,221847,0.09994880518080507,0.09994880518080507,10,11,1,11,10054,1182945.1972629998,True,False,False,False,False
30,holiday,2026-09-07T13:02:14.000Z,2026-09-07T13:32:59.000Z,2026-09-07,675,705,30.75,63.0,221836,221831,221830,221837,0.04120632967081761,0.04120632967081761,5,6,1,6,4547,804862.8143079999,False,False,False,False,False
30,holiday,2026-09-07T13:32:59.000Z,2026-09-07T14:03:38.000Z,2026-09-07,705,733,30.65,184.0,221831,221838,221831,221838,0.06591451366528833,-0.06591451366528833,7,7,7,0,3292,622012.8588679999,False,False,False,False,False
30,holiday,2026-09-07T14:03:38.000Z,2026-09-07T14:34:22.000Z,2026-09-07,733,763,30.733333333333334,64.0,221838,221843,221838,221843,0.05234124883287672,-0.05234124883287672,5,5,5,0,2763,398497.2840000001,False,False,False,False,False
30,holiday,2026-09-07T14:34:22.000Z,2026-09-07T15:05:04.000Z,2026-09-07,763,793,30.7,63.0,221843,221838,221836,221846,0.05562853725382677,0.05562853725382677,5,7,3,7,1880,395834.455433,False,False,False,False,False
30,holiday,2026-09-07T15:05:04.000Z,2026-09-07T15:35:43.000Z,2026-09-07,793,823,30.65,63.0,221838,221849,221838,221849,0.11085980323179978,-0.11085980323179978,11,11,11,0,2035,607579.704591,True,False,False,False,False
30,holiday,2026-09-07T15:35:43.000Z,2026-09-07T16:06:26.000Z,2026-09-07,823,853,30.716666666666665,63.0,221849,221856,221849,221866,0.07441150164702037,-0.07441150164702037,7,17,17,0,3380,892148.3104500001,True,False,False,False,False
30,holiday,2026-09-07T16:06:26.000Z,2026-09-07T16:37:07.000Z,2026-09-07,853,883,30.683333333333334,65.0,221856,221852,221850,221856,0.041475674502988724,0.041475674502988724,4,6,0,6,4870,609112.6022559999,False,False,False,False,False
30,holiday,2026-09-07T16:37:07.000Z,2026-09-07T17:07:52.000Z,2026-09-07,883,911,30.75,186.0,221852,221856,221850,221857,0.038434827554600925,-0.038434827554600925,4,5,5,2,2160,350722.678895,False,False,False,False,False
30,holiday,2026-09-07T17:07:52.000Z,2026-09-07T17:38:40.000Z,2026-09-07,911,941,30.8,64.0,221856,221852,221852,221856,0.036005144855910665,0.036005144855910665,4,4,0,4,7108,756400.6320069999,False,False,False,False,False
30,holiday,2026-09-07T17:38:40.000Z,2026-09-07T18:09:22.000Z,2026-09-07,941,971,30.7,63.0,221852,221849,221849,221854,0.02887620376739175,0.02887620376739175,3,3,2,3,2361,441906.9348759999,False,False,False,False,False
30,holiday,2026-09-07T18:09:22.000Z,2026-09-07T18:40:07.000Z,2026-09-07,971,1001,30.75,63.0,221849,221849,221843,221849,0.005291685545705249,0.005291685545705249,0,6,0,6,1296,330864.596753,False,False,False,False,False
30,holiday,2026-09-07T18:40:07.000Z,2026-09-07T19:10:51.000Z,2026-09-07,1001,1031,30.733333333333334,63.0,221849,221850,221848,221850,0.013567229306632456,-0.013567229306632456,1,1,1,1,954,152114.86947800004,False,False,False,False,False
30,holiday,2026-09-07T19:10:51.000Z,2026-09-07T19:41:37.000Z,2026-09-07,1031,1061,30.766666666666666,63.0,221850,221842,221842,221850,0.08061654152262676,0.08061654152262676,8,8,0,8,1312,299897.2273440001,False,False,False,False,False
30,holiday,2026-09-07T19:41:37.000Z,2026-09-07T20:12:26.000Z,2026-09-07,1061,1091,30.816666666666666,63.0,221842,221843,221841,221843,0.004038312316945181,-0.004038312316945181,1,1,1,1,1966,279814.4803729999,False,False,False,False,False
30,holiday,2026-09-07T20:12:26.000Z,2026-09-07T20:43:07.000Z,2026-09-07,1091,1119,30.683333333333334,182.0,221843,221843,221843,221845,0.005379970853902627,-0.005379970853902627,0,2,2,0,640,115716.62789699995,False,False,False,False,False
30,holiday,2026-09-07T20:43:07.000Z,2026-09-07T21:13:52.000Z,2026-09-07,1119,1149,30.75,63.0,221843,221841,221841,221843,0.020667972666088552,0.020667972666088552,2,2,0,2,657,126644.54787800003,False,False,False,False,False
30,holiday,2026-09-07T21:13:52.000Z,2026-09-07T21:44:40.000Z,2026-09-07,1149,1179,30.8,65.0,221841,221839,221837,221841,0.025749801113583715,0.025749801113583715,2,4,0,4,1087,266048.54676999996,False,False,False,False,False
30,holiday,2026-09-07T21:44:40.000Z,2026-09-07T22:15:21.000Z,2026-09-07,1179,1206,30.683333333333334,246.0,221839,221851,221838,221851,0.12315474668506132,-0.12315474668506132,12,12,12,1,2114,374042.39052500005,True,False,False,False,False
30,holiday,2026-09-07T22:15:21.000Z,2026-09-07T22:46:10.000Z,2026-09-07,1206,1236,30.816666666666666,63.0,221851,221868,221851,221869,0.1721567489475273,-0.1721567489475273,17,18,18,0,2563,548351.8404239999,True,False,False,False,False
30,holiday,2026-09-07T22:46:10.000Z,2026-09-07T23:16:52.000Z,2026-09-07,1236,1266,30.7,64.0,221868,221870,221868,221871,0.018842315592648706,-0.018842315592648706,2,3,3,0,1361,266987.38160599995,False,False,False,False,False
30,holiday,2026-09-07T23:16:52.000Z,2026-09-07T23:47:33.000Z,2026-09-07,1266,1293,30.683333333333334,245.0,221870,221865,221865,221872,0.04960314616486716,0.04960314616486716,5,5,2,5,1066,243284.70031500002,False,False,False,False,False
30,holiday,2026-09-07T23:47:33.000Z,2026-09-08T00:18:19.000Z,2026-09-07,1293,1323,30.766666666666666,63.0,221865,221885,221860,221885,0.19576807077720249,-0.19576807077720249,20,20,20,5,5720,1252631.0235120005,True,True,False,False,False
30,holiday,2026-09-08T00:18:19.000Z,2026-09-08T00:49:02.000Z,2026-09-07,1323,1353,30.716666666666665,63.0,221885,221851,221843,221885,0.339045311813746,0.339045311813746,34,42,0,42,16590,3480216.474081001,True,True,True,True,False
30,holiday,2026-09-08T00:49:02.000Z,2026-09-08T01:19:45.000Z,2026-09-07,1353,1383,30.716666666666665,63.0,221851,221843,221843,221853,0.07996795967324388,0.07996795967324388,8,8,2,8,1178,388486.80490500014,False,False,False,False,False
30,holiday,2026-09-08T01:19:45.000Z,2026-09-08T01:50:25.000Z,2026-09-07,1383,1413,30.666666666666668,63.0,221843,221830,221829,221843,0.132136351283485,0.132136351283485,13,14,0,14,1989,807799.3624380002,True,False,False,False,False
30,holiday,2026-09-08T01:50:25.000Z,2026-09-08T02:21:09.000Z,2026-09-07,1413,1443,30.733333333333334,63.0,221830,221823,221815,221830,0.06725445353383819,0.06725445353383819,7,15,0,15,982,533951.304426,True,False,False,False,False
30,holiday,2026-09-08T02:21:09.000Z,2026-09-08T02:51:54.000Z,2026-09-07,1443,1473,30.75,63.0,221823,221826,221823,221827,0.030396429654733215,-0.030396429654733215,3,4,4,0,908,210570.888488,False,False,False,False,False
30,holiday,2026-09-08T02:51:54.000Z,2026-09-08T03:22:40.000Z,2026-09-07,1473,1503,30.766666666666666,63.0,221826,221824,221824,221832,0.01793935649596623,0.01793935649596623,2,6,6,2,3808,890848.4627599999,False,False,False,False,False
30,holiday,2026-09-08T03:22:40.000Z,2026-09-08T03:53:20.000Z,2026-09-07,1503,1531,30.666666666666668,182.0,221824,221812,221812,221824,0.11616054018668276,0.11616054018668276,12,12,0,12,1305,301845.84693600005,True,False,False,False,False
30,overnight,2026-09-08T04:00:30.000Z,2026-09-08T04:31:13.000Z,2026-09-08,1538,1568,30.716666666666665,63.0,221811,221811,221811,221814,0.003488641541826709,0.003488641541826709,0,3,3,0,1110,185620.19150999998,False,False,False,False,False
30,overnight,2026-09-08T04:31:13.000Z,2026-09-08T05:01:58.000Z,2026-09-08,1568,1598,30.75,63.0,221811,221816,221811,221816,0.04750312585393157,-0.04750312585393157,5,5,5,0,603,153336.44270399996,False,False,False,False,False
30,overnight,2026-09-08T05:01:58.000Z,2026-09-08T05:32:46.000Z,2026-09-08,1598,1628,30.8,63.0,221816,221831,221816,221837,0.15455780677925413,-0.15455780677925413,15,21,21,0,1850,610747.9462249998,True,True,False,False,False
30,overnight,2026-09-08T05:32:46.000Z,2026-09-08T06:03:29.000Z,2026-09-08,1628,1658,30.716666666666665,63.0,221831,221853,221831,221853,0.21406271525052922,-0.21406271525052922,22,22,22,0,696,432137.835439,True,True,False,False,False
30,overnight,2026-09-08T06:03:29.000Z,2026-09-08T06:34:15.000Z,2026-09-08,1658,1688,30.766666666666666,63.0,221853,221863,221853,221866,0.10770726416834409,-0.10770726416834409,10,13,13,0,1849,479964.769677,True,False,False,False,False
30,overnight,2026-09-08T06:34:15.000Z,2026-09-08T07:04:54.000Z,2026-09-08,1688,1718,30.65,63.0,221863,221872,221863,221879,0.08748110286260768,-0.08748110286260768,9,16,16,0,916,574243.5917550001,True,False,False,False,False
30,overnight,2026-09-08T07:04:54.000Z,2026-09-08T07:35:37.000Z,2026-09-08,1718,1748,30.716666666666665,63.0,221872,221867,221864,221872,0.047774138302925095,0.047774138302925095,5,8,0,8,308,195297.68117500003,False,False,False,False,False
30,premarket,2026-09-08T08:00:12.000Z,2026-09-08T08:30:52.000Z,2026-09-08,1772,1802,30.666666666666668,63.0,221879,221887,221879,221906,0.08499040532036206,-0.08499040532036206,8,27,27,0,2095,1043057.7379170003,True,True,False,False,False
30,premarket,2026-09-08T08:30:52.000Z,2026-09-08T09:01:35.000Z,2026-09-08,1802,1832,30.716666666666665,63.0,221887,221896,221887,221897,0.08652903714392313,-0.08652903714392313,9,10,10,0,11898,1841985.24952,True,False,False,False,False
30,premarket,2026-09-08T09:01:35.000Z,2026-09-08T09:32:17.000Z,2026-09-08,1832,1862,30.7,63.0,221896,221894,221893,221907,0.02085197400123473,0.02085197400123473,2,11,11,3,2977,897635.422326,True,False,False,False,False
30,premarket,2026-09-08T09:32:17.000Z,2026-09-08T10:02:59.000Z,2026-09-08,1862,1892,30.7,63.0,221894,221862,221862,221894,0.3206228961083024,0.3206228961083024,32,32,0,32,1416,826638.4737480001,True,True,True,False,False
30,premarket,2026-09-08T10:02:59.000Z,2026-09-08T10:33:45.000Z,2026-09-08,1892,1920,30.766666666666666,184.0,221862,221870,221858,221870,0.08262743883170609,-0.08262743883170609,8,8,8,4,2983,795272.4649189999,False,False,False,False,False
30,premarket,2026-09-08T10:33:45.000Z,2026-09-08T11:04:28.000Z,2026-09-08,1920,1950,30.716666666666665,63.0,221870,221882,221866,221882,0.11317815339501047,-0.11317815339501047,12,12,12,4,1449,886664.30192,True,False,False,False,False
30,premarket,2026-09-08T11:04:28.000Z,2026-09-08T11:35:10.000Z,2026-09-08,1950,1980,30.7,63.0,221882,221886,221882,221896,0.044756747713059486,-0.044756747713059486,4,14,14,0,1754,608193.782418,True,False,False,False,False
30,premarket,2026-09-08T11:35:10.000Z,2026-09-08T12:05:57.000Z,2026-09-08,1980,2010,30.783333333333335,63.0,221886,221869,221868,221890,0.17082500580423154,0.17082500580423154,17,18,4,18,5659,974170.1997729999,True,False,False,False,False
30,premarket,2026-09-08T12:05:57.000Z,2026-09-08T12:36:37.000Z,2026-09-08,2010,2040,30.666666666666668,65.0,221869,221852,221851,221871,0.1724011213792398,0.1724011213792398,17,18,2,18,2564,824503.0902380001,True,False,False,False,False
30,premarket,2026-09-08T12:36:37.000Z,2026-09-08T13:07:19.000Z,2026-09-08,2040,2068,30.7,185.0,221852,221839,221839,221852,0.12389139322874776,0.12389139322874776,13,13,0,13,2506,470536.4317939999,True,False,False,False,False
30,regular,2026-09-08T13:30:57.000Z,2026-09-08T14:01:41.000Z,2026-09-08,2091,2121,30.733333333333334,63.0,221813,221951,221807,221958,1.3710715393971618,-1.3710715393971618,138,145,145,6,3205,3839822.5335919997,True,True,True,True,True
30,regular,2026-09-08T14:01:41.000Z,2026-09-08T14:32:28.000Z,2026-09-08,2121,2151,30.783333333333335,66.0,221951,222022,221951,222023,0.7105912688757154,-0.7105912688757154,71,72,72,0,2379,1498619.0762129999,True,True,True,True,True
30,regular,2026-09-08T14:32:28.000Z,2026-09-08T15:03:07.000Z,2026-09-08,2151,2181,30.65,63.0,222022,222046,222019,222052,0.24113116683479596,-0.24113116683479596,24,30,30,3,1646,769625.7540549999,True,True,True,False,False
30,regular,2026-09-08T15:03:07.000Z,2026-09-08T15:33:49.000Z,2026-09-08,2181,2211,30.7,63.0,222046,222069,222033,222075,0.22945828062301832,-0.22945828062301832,23,29,29,13,1946,1073508.5871299999,True,True,False,False,False
30,regular,2026-09-08T15:33:49.000Z,2026-09-08T16:04:32.000Z,2026-09-08,2211,2241,30.716666666666665,63.0,222069,222086,222060,222089,0.17004302634455737,-0.17004302634455737,17,20,20,9,2785,1018637.084268,True,True,False,False,False
30,regular,2026-09-08T16:04:32.000Z,2026-09-08T16:35:18.000Z,2026-09-08,2241,2271,30.766666666666666,64.0,222086,222107,222086,222111,0.2044796548399841,-0.2044796548399841,21,25,25,0,8321,1763279.474729,True,True,False,False,False
30,regular,2026-09-08T16:35:18.000Z,2026-09-08T17:06:03.000Z,2026-09-08,2271,2301,30.75,64.0,222107,222097,222096,222110,0.10438044650269429,0.10438044650269429,10,11,3,11,4316,958602.051854,True,False,False,False,False
30,regular,2026-09-08T17:06:03.000Z,2026-09-08T17:36:46.000Z,2026-09-08,2301,2331,30.716666666666665,64.0,222097,222110,222097,222119,0.1336758677403571,-0.1336758677403571,13,22,22,0,2362,694207.946831,True,True,False,False,False
30,regular,2026-09-08T17:36:46.000Z,2026-09-08T18:07:26.000Z,2026-09-08,2331,2361,30.666666666666668,63.0,222110,222113,222105,222115,0.03061048190952098,-0.03061048190952098,3,5,5,5,3486,687596.7929199999,False,False,False,False,False
30,regular,2026-09-08T18:07:26.000Z,2026-09-08T18:38:03.000Z,2026-09-08,2361,2389,30.616666666666667,184.0,222113,222105,222105,222113,0.07512501891382417,0.07512501891382417,8,8,0,8,3158,509061.90007500007,False,False,False,False,False
30,regular,2026-09-08T18:38:03.000Z,2026-09-08T19:08:45.000Z,2026-09-08,2389,2417,30.7,183.0,222105,222123,222098,222125,0.17625481368281903,-0.17625481368281903,18,20,20,7,5320,1478823.2847220001,True,True,False,False,False
30,regular,2026-09-08T19:08:45.000Z,2026-09-08T19:39:32.000Z,2026-09-08,2417,2441,30.783333333333335,186.0,222123,222122,222122,222134,0.011634913322478013,0.011634913322478013,1,11,11,1,1388,444131.664135,True,False,False,False,False
30,afterhours,2026-09-08T20:00:07.000Z,2026-09-08T20:30:50.000Z,2026-09-08,2461,2491,30.716666666666665,63.0,222120,222123,222118,222123,0.02340360026521493,-0.02340360026521493,3,3,3,2,2988,397355.59992899996,False,False,False,False,False
30,afterhours,2026-09-08T20:30:50.000Z,2026-09-08T21:01:34.000Z,2026-09-08,2491,2521,30.733333333333334,64.0,222123,222122,222121,222125,0.008658004686523668,0.008658004686523668,1,2,2,2,3113,379587.724515,False,False,False,False,False
30,afterhours,2026-09-08T21:01:34.000Z,2026-09-08T21:32:16.000Z,2026-09-08,2521,2551,30.7,63.0,222122,222123,222120,222124,0.013621725664580975,-0.013621725664580975,1,2,2,2,1599,297266.87022200006,False,False,False,False,False
30,afterhours,2026-09-08T21:32:16.000Z,2026-09-08T22:03:01.000Z,2026-09-08,2551,2581,30.75,64.0,222123,222124,222123,222127,0.012995522495251599,-0.012995522495251599,1,4,4,0,1111,174777.03640099996,False,False,False,False,False
30,afterhours,2026-09-08T22:03:01.000Z,2026-09-08T22:33:38.000Z,2026-09-08,2581,2611,30.616666666666667,63.0,222124,222122,222120,222125,0.020353257266947367,0.020353257266947367,2,4,1,4,3377,452673.77036900003,False,False,False,False,False
30,afterhours,2026-09-08T22:33:38.000Z,2026-09-08T23:04:16.000Z,2026-09-08,2611,2641,30.633333333333333,63.0,222122,222115,222115,222122,0.07014568969088142,0.07014568969088142,7,7,0,7,1503,291364.268615,False,False,False,False,False
30,afterhours,2026-09-08T23:04:16.000Z,2026-09-08T23:35:02.000Z,2026-09-08,2641,2671,30.766666666666666,63.0,222115,222118,222113,222118,0.02412445278801023,-0.02412445278801023,3,3,3,2,2042,279502.50060800003,False,False,False,False,False
30,overnight,2026-09-09T00:00:38.000Z,2026-09-09T00:31:24.000Z,2026-09-08,2694,2724,30.766666666666666,63.0,222134,222124,222122,222135,0.09876218301771988,0.09876218301771988,10,12,1,12,558,249367.05217999994,True,False,False,False,False
30,overnight,2026-09-09T00:31:24.000Z,2026-09-09T01:02:11.000Z,2026-09-08,2724,2754,30.783333333333335,63.0,222124,222113,222113,222126,0.10750461720128168,0.10750461720128168,11,11,2,11,683,220443.81576199998,True,False,False,False,False
30,overnight,2026-09-09T01:02:11.000Z,2026-09-09T01:32:55.000Z,2026-09-08,2754,2784,30.733333333333334,63.0,222113,222110,222106,222115,0.03090474885654171,0.03090474885654171,3,7,2,7,1968,510725.1243349999,False,False,False,False,False
30,overnight,2026-09-09T01:32:55.000Z,2026-09-09T02:03:42.000Z,2026-09-08,2784,2814,30.783333333333335,63.0,222110,222106,222103,222110,0.03922303567691632,0.03922303567691632,4,7,0,7,844,403962.78255899996,False,False,False,False,False
30,overnight,2026-09-09T02:03:42.000Z,2026-09-09T02:34:33.000Z,2026-09-08,2814,2844,30.85,63.0,222106,222109,222106,222109,0.022090304385891102,-0.022090304385891102,3,3,3,0,1650,313334.029378,False,False,False,False,False
30,overnight,2026-09-09T02:34:33.000Z,2026-09-09T03:05:19.000Z,2026-09-08,2844,2874,30.766666666666666,63.0,222109,222106,222101,222109,0.028453079822554628,0.028453079822554628,3,8,0,8,2665,435474.29688700003,False,False,False,False,False
30,overnight,2026-09-09T03:05:19.000Z,2026-09-09T03:36:02.000Z,2026-09-08,2874,2903,30.716666666666665,122.0,222106,222108,222106,222108,0.022880370026445718,-0.022880370026445718,2,2,2,0,675,99624.71559099999,False,False,False,False,False
30,overnight,2026-09-09T03:36:02.000Z,2026-09-09T04:06:44.000Z,2026-09-08,2903,2933,30.7,63.0,222108,222107,222105,222112,0.014277419317632045,0.014277419317632045,1,4,4,3,1055,378851.77641799994,False,False,False,False,False
30,overnight,2026-09-09T04:06:44.000Z,2026-09-09T04:37:30.000Z,2026-09-09,2933,2963,30.766666666666666,64.0,222107,222110,222107,222110,0.03046381900002615,-0.03046381900002615,3,3,3,0,2356,298321.47171700007,False,False,False,False,False
30,overnight,2026-09-09T04:37:30.000Z,2026-09-09T05:08:17.000Z,2026-09-09,2963,2993,30.783333333333335,63.0,222110,222106,222106,222110,0.040045411204658876,0.040045411204658876,4,4,0,4,2118,204212.25234999997,False,False,False,False,False
30,overnight,2026-09-09T05:08:17.000Z,2026-09-09T05:39:01.000Z,2026-09-09,2993,3023,30.733333333333334,63.0,222106,222108,222106,222108,0.0192979006379157,-0.0192979006379157,2,2,2,0,1489,148256.285132,False,False,False,False,False
30,overnight,2026-09-09T05:39:01.000Z,2026-09-09T06:09:42.000Z,2026-09-09,3023,3053,30.683333333333334,63.0,222108,222105,222105,222109,0.027240816440587956,0.027240816440587956,3,3,1,3,1356,223411.05525599993,False,False,False,False,False
30,overnight,2026-09-09T06:09:42.000Z,2026-09-09T06:40:26.000Z,2026-09-09,3053,3083,30.733333333333334,62.0,222105,222101,222099,222105,0.04058815904601776,0.04058815904601776,4,6,0,6,4074,527099.552275,False,False,False,False,False
30,overnight,2026-09-09T06:40:26.000Z,2026-09-09T07:11:12.000Z,2026-09-09,3083,3111,30.766666666666666,186.0,222101,222102,222101,222106,0.013030896617183263,-0.013030896617183263,1,5,5,0,12085,1640387.062815,False,False,False,False,False
30,overnight,2026-09-09T07:11:12.000Z,2026-09-09T07:41:50.000Z,2026-09-09,3111,3141,30.633333333333333,63.0,222102,222101,222100,222106,0.015115021685829788,0.015115021685829788,1,4,4,2,4389,579943.5760540001,False,False,False,False,False
30,premarket,2026-09-09T08:00:13.000Z,2026-09-09T08:30:55.000Z,2026-09-09,3159,3189,30.7,63.0,222099,222098,222098,222100,0.014085747466441312,0.014085747466441312,1,1,1,1,3338,425999.6185890001,False,False,False,False,False
30,premarket,2026-09-09T08:30:55.000Z,2026-09-09T09:01:42.000Z,2026-09-09,3189,3217,30.783333333333335,186.0,222098,222105,222095,222106,0.07376031895196533,-0.07376031895196533,7,8,8,3,2005,482111.189989,False,False,False,False,False
30,premarket,2026-09-09T09:01:42.000Z,2026-09-09T09:32:29.000Z,2026-09-09,3217,3247,30.783333333333335,64.0,222105,222113,222104,222113,0.07647055490056509,-0.07647055490056509,8,8,8,1,2586,318331.25367099995,False,False,False,False,False
30,premarket,2026-09-09T09:32:29.000Z,2026-09-09T10:03:19.000Z,2026-09-09,3247,3277,30.833333333333332,63.0,222113,222184,222113,222196,0.7052810787290587,-0.7052810787290587,71,83,83,0,1478,1140488.0982070002,True,True,True,True,True
30,premarket,2026-09-09T10:03:19.000Z,2026-09-09T10:34:00.000Z,2026-09-09,3277,3307,30.683333333333334,63.0,222184,222177,222177,222184,0.06980925211306221,0.06980925211306221,7,7,0,7,6457,1042624.6869900002,False,False,False,False,False
30,premarket,2026-09-09T10:34:00.000Z,2026-09-09T11:04:39.000Z,2026-09-09,3307,3337,30.65,63.0,222177,222174,222168,222183,0.0295194487430539,0.0295194487430539,3,9,6,9,3291,596480.4382199999,False,False,False,False,False
30,premarket,2026-09-09T11:04:39.000Z,2026-09-09T11:35:26.000Z,2026-09-09,3337,3367,30.783333333333335,64.0,222174,222170,222167,222176,0.03540187147221818,0.03540187147221818,4,7,2,7,2533,465099.206421,False,False,False,False,False
30,premarket,2026-09-09T11:35:26.000Z,2026-09-09T12:06:13.000Z,2026-09-09,3367,3397,30.783333333333335,64.0,222170,222167,222147,222171,0.03208157000644807,0.03208157000644807,3,23,1,23,2011,548572.032186,True,True,False,False,False
30,premarket,2026-09-09T12:06:13.000Z,2026-09-09T12:36:57.000Z,2026-09-09,3397,3427,30.733333333333334,63.0,222167,222167,222166,222174,0.0027090677348518,0.0027090677348518,0,7,7,1,1023,320138.471362,False,False,False,False,False
30,premarket,2026-09-09T12:36:57.000Z,2026-09-09T13:07:38.000Z,2026-09-09,3427,3457,30.683333333333334,63.0,222167,222163,222162,222171,0.03263492442104887,0.03263492442104887,4,5,4,5,3150,439711.459319,False,False,False,False,False
30,regular,2026-09-09T13:30:07.000Z,2026-09-09T14:00:55.000Z,2026-09-09,3477,3507,30.8,63.0,222152,222165,222123,222171,0.12423897879921819,-0.12423897879921819,13,29,19,29,4713,2661263.4608979993,True,True,False,False,False
30,regular,2026-09-09T14:00:55.000Z,2026-09-09T14:31:35.000Z,2026-09-09,3507,3537,30.666666666666668,63.0,222165,222161,222157,222209,0.040121208708665534,0.040121208708665534,4,44,44,8,2520,2066159.985023,True,True,True,True,False
30,regular,2026-09-09T14:31:35.000Z,2026-09-09T15:02:16.000Z,2026-09-09,3537,3567,30.683333333333334,63.0,222161,222181,222154,222192,0.20019030599955911,-0.20019030599955911,20,31,31,7,2035,1171619.627503,True,True,True,False,False
30,regular,2026-09-09T15:02:16.000Z,2026-09-09T15:32:56.000Z,2026-09-09,3567,3595,30.666666666666668,185.0,222181,222197,222178,222215,0.1611822745425706,-0.1611822745425706,16,34,34,3,3351,1096197.540734,True,True,True,False,False
30,regular,2026-09-09T15:32:56.000Z,2026-09-09T16:05:48.000Z,2026-09-09,3595,3623,32.86666666666667,187.0,222197,222188,222178,222197,0.08581841565966641,0.08581841565966641,9,19,0,19,1506,752508.443304,True,False,False,False,False
30,regular,2026-09-09T16:05:48.000Z,2026-09-09T16:36:35.000Z,2026-09-09,3623,3653,30.783333333333335,64.0,222188,222202,222188,222207,0.13815230004035062,-0.13815230004035062,14,19,19,0,3540,583809.978275,True,False,False,False,False
30,regular,2026-09-09T16:36:35.000Z,2026-09-09T17:07:24.000Z,2026-09-09,3653,3681,30.816666666666666,184.0,222202,222193,222187,222202,0.08667489961171615,0.08667489961171615,9,15,0,15,6316,999808.6664049998,True,False,False,False,False
30,regular,2026-09-09T17:07:24.000Z,2026-09-09T17:38:08.000Z,2026-09-09,3681,3711,30.733333333333334,63.0,222193,222188,222184,222195,0.04986256253369792,0.04986256253369792,5,9,2,9,1669,538636.033886,False,False,False,False,False
30,regular,2026-09-09T17:38:08.000Z,2026-09-09T18:08:50.000Z,2026-09-09,3711,3741,30.7,63.0,222188,222188,222185,222190,0.0002017873998894082,-0.0002017873998894082,0,3,2,3,1948,429003.085751,False,False,False,False,False
30,regular,2026-09-09T18:08:50.000Z,2026-09-09T18:39:39.000Z,2026-09-09,3741,3768,30.816666666666666,246.0,222188,222192,222188,222193,0.039413087301387595,-0.039413087301387595,4,5,5,0,2763,495959.37760699994,False,False,False,False,False
30,regular,2026-09-09T18:39:39.000Z,2026-09-09T19:10:26.000Z,2026-09-09,3768,3796,30.783333333333335,186.0,222192,222200,222191,222215,0.08034115421394761,-0.08034115421394761,8,23,23,1,2101,747851.844995,True,True,False,False,False
30,regular,2026-09-09T19:10:26.000Z,2026-09-09T19:41:13.000Z,2026-09-09,3796,3824,30.783333333333335,185.0,222200,222203,222183,222210,0.021021684707045463,-0.021021684707045463,3,17,10,17,1173,923483.8057619998,True,False,False,False,False
30,afterhours,2026-09-09T20:00:42.000Z,2026-09-09T20:31:26.000Z,2026-09-09,3843,3873,30.733333333333334,63.0,222210,222209,222207,222213,0.00880830783553943,0.00880830783553943,1,3,3,3,792,459445.69889099995,False,False,False,False,False
30,afterhours,2026-09-09T20:31:26.000Z,2026-09-09T21:02:07.000Z,2026-09-09,3873,3903,30.683333333333334,63.0,222209,222209,222207,222210,0.0032677474870457246,0.0032677474870457246,0,2,1,2,1070,160113.58102600003,False,False,False,False,False
30,afterhours,2026-09-09T21:02:07.000Z,2026-09-09T21:32:49.000Z,2026-09-09,3903,3933,30.7,63.0,222209,222212,222209,222213,0.027779057862964418,-0.027779057862964418,3,4,4,0,350,137392.108694,False,False,False,False,False
30,afterhours,2026-09-09T21:32:49.000Z,2026-09-09T22:03:35.000Z,2026-09-09,3933,3963,30.766666666666666,63.0,222212,222220,222212,222221,0.07855306435892162,-0.07855306435892162,8,9,9,0,4483,707929.8508680001,False,False,False,False,False
30,afterhours,2026-09-09T22:03:35.000Z,2026-09-09T22:34:13.000Z,2026-09-09,3963,3993,30.633333333333333,63.0,222220,222217,222215,222223,0.024471494517697145,0.024471494517697145,3,5,3,5,864,561110.781431,False,False,False,False,False
30,afterhours,2026-09-09T22:34:13.000Z,2026-09-09T23:04:52.000Z,2026-09-09,3993,4023,30.65,63.0,222217,222218,222215,222218,0.002222546154828642,-0.002222546154828642,1,2,1,2,1240,236105.992946,False,False,False,False,False
30,afterhours,2026-09-09T23:04:52.000Z,2026-09-09T23:35:40.000Z,2026-09-09,4023,4053,30.8,63.0,222218,222219,222217,222219,0.010804489671845108,-0.010804489671845108,1,1,1,1,780,151769.556984,False,False,False,False,False
30,overnight,2026-09-10T00:00:14.000Z,2026-09-10T00:30:58.000Z,2026-09-09,4077,4107,30.733333333333334,63.0,222218,222227,222210,222228,0.08646462633680185,-0.08646462633680185,9,10,10,8,1719,876643.417671,True,False,False,False,False
30,overnight,2026-09-10T00:30:58.000Z,2026-09-10T01:01:46.000Z,2026-09-09,4107,4137,30.8,63.0,222227,222232,222227,222234,0.04929130752662214,-0.04929130752662214,5,7,7,0,705,210637.42618399998,False,False,False,False,False
30,overnight,2026-09-10T01:01:46.000Z,2026-09-10T01:32:31.000Z,2026-09-09,4137,4167,30.75,63.0,222232,222261,222231,222269,0.2852989482682422,-0.2852989482682422,29,37,37,1,640,651167.427053,True,True,True,False,False
30,overnight,2026-09-10T01:32:31.000Z,2026-09-10T02:03:10.000Z,2026-09-09,4167,4197,30.65,63.0,222261,222251,222237,222271,0.09800209615578037,0.09800209615578037,10,24,10,24,522,949373.8997099999,True,True,False,False,False
30,overnight,2026-09-10T02:03:10.000Z,2026-09-10T02:33:55.000Z,2026-09-09,4197,4227,30.75,63.0,222251,222248,222247,222251,0.02972135520680208,0.02972135520680208,3,4,0,4,4774,729388.205471,False,False,False,False,False
30,overnight,2026-09-10T02:33:55.000Z,2026-09-10T03:04:36.000Z,2026-09-09,4227,4257,30.683333333333334,63.0,222248,222236,222236,222248,0.11722217543470581,0.11722217543470581,12,12,0,12,1098,355463.076811,True,False,False,False,False
30,overnight,2026-09-10T03:04:36.000Z,2026-09-10T03:35:16.000Z,2026-09-09,4257,4287,30.666666666666668,62.0,222236,222237,222235,222241,0.005945919342775774,-0.005945919342775774,1,5,5,1,5850,780447.476408,False,False,False,False,False
30,overnight,2026-09-10T03:35:16.000Z,2026-09-10T04:06:01.000Z,2026-09-09,4287,4317,30.75,63.0,222237,222234,222234,222237,0.029680525591779805,0.029680525591779805,3,3,0,3,1507,187663.48171,False,False,False,False,False
30,overnight,2026-09-10T04:06:01.000Z,2026-09-10T04:36:44.000Z,2026-09-10,4317,4347,30.716666666666665,63.0,222234,222239,222231,222239,0.048497842714867456,-0.048497842714867456,5,5,5,3,4177,727610.7888860002,False,False,False,False,False
30,overnight,2026-09-10T04:36:44.000Z,2026-09-10T05:09:34.000Z,2026-09-10,4347,4377,32.833333333333336,184.0,222239,222235,222233,222240,0.03577146075781634,0.03577146075781634,4,6,1,6,906,284197.733144,False,False,False,False,False
30,overnight,2026-09-10T05:09:34.000Z,2026-09-10T05:40:25.000Z,2026-09-10,4377,4407,30.85,63.0,222235,222230,222230,222235,0.04589154553005237,0.04589154553005237,5,5,0,5,714,184097.622012,False,False,False,False,False
30,overnight,2026-09-10T05:40:25.000Z,2026-09-10T06:11:09.000Z,2026-09-10,4407,4437,30.733333333333334,63.0,222230,222232,222227,222232,0.012711365100526173,-0.012711365100526173,2,3,2,3,321,192012.39507900004,False,False,False,False,False
30,overnight,2026-09-10T06:11:09.000Z,2026-09-10T06:41:50.000Z,2026-09-10,4437,4467,30.683333333333334,65.0,222232,222245,222232,222258,0.13521759780527054,-0.13521759780527054,13,26,26,0,363,616226.2519169999,True,True,False,False,False
30,overnight,2026-09-10T06:41:50.000Z,2026-09-10T07:12:39.000Z,2026-09-10,4467,4495,30.816666666666666,186.0,222245,222240,222238,222245,0.052360979066023994,0.052360979066023994,5,7,0,7,317,139635.650205,False,False,False,False,False
30,overnight,2026-09-10T07:12:39.000Z,2026-09-10T07:43:20.000Z,2026-09-10,4495,4525,30.683333333333334,63.0,222240,222251,222240,222256,0.11311752678134779,-0.11311752678134779,11,16,16,0,1108,421946.9444480001,True,False,False,False,False
30,premarket,2026-09-10T08:00:43.000Z,2026-09-10T08:31:25.000Z,2026-09-10,4542,4572,30.7,63.0,222253,222231,222231,222255,0.21972205438276493,0.21972205438276493,22,22,2,22,455,450372.71109999984,True,True,False,False,False
30,premarket,2026-09-10T08:31:25.000Z,2026-09-10T09:02:05.000Z,2026-09-10,4572,4602,30.666666666666668,63.0,222231,222237,222230,222237,0.06693368423656976,-0.06693368423656976,6,6,6,1,555,205722.81149,False,False,False,False,False
30,premarket,2026-09-10T09:02:05.000Z,2026-09-10T09:32:52.000Z,2026-09-10,4602,4632,30.783333333333335,63.0,222237,222233,222229,222237,0.044288297473871197,0.044288297473871197,4,8,0,8,1747,317199.5611340001,False,False,False,False,False
30,premarket,2026-09-10T09:32:52.000Z,2026-09-10T10:03:33.000Z,2026-09-10,4632,4662,30.683333333333334,63.0,222233,222235,222233,222240,0.016759221855677797,-0.016759221855677797,2,7,7,0,2397,529147.7377960001,False,False,False,False,False
30,premarket,2026-09-10T10:03:33.000Z,2026-09-10T10:34:14.000Z,2026-09-10,4662,4692,30.683333333333334,63.0,222235,222246,222234,222247,0.11965688567056043,-0.11965688567056043,11,12,12,1,1066,251312.44970700002,True,False,False,False,False
30,premarket,2026-09-10T10:34:14.000Z,2026-09-10T11:05:01.000Z,2026-09-10,4692,4722,30.783333333333335,63.0,222246,222253,222242,222253,0.06445161781805098,-0.06445161781805098,7,7,7,4,2662,595443.1720210001,False,False,False,False,False
30,premarket,2026-09-10T11:05:01.000Z,2026-09-10T11:35:48.000Z,2026-09-10,4722,4752,30.783333333333335,63.0,222253,222256,222251,222256,0.032097713861056754,-0.032097713861056754,3,3,3,2,3412,406465.851069,False,False,False,False,False
30,premarket,2026-09-10T11:35:48.000Z,2026-09-10T12:06:35.000Z,2026-09-10,4752,4782,30.783333333333335,63.0,222256,222284,222255,222285,0.2796114872711031,-0.2796114872711031,28,29,29,1,2108,532172.720605,True,True,False,False,False
30,premarket,2026-09-10T12:06:35.000Z,2026-09-10T12:37:21.000Z,2026-09-10,4782,4812,30.766666666666666,66.0,222284,222316,222277,222316,0.3164247823289612,-0.3164247823289612,32,32,32,7,6513,1141251.2197160001,True,True,True,False,False
30,premarket,2026-09-10T12:37:21.000Z,2026-09-10T13:08:04.000Z,2026-09-10,4812,4842,30.716666666666665,63.0,222316,222347,222316,222358,0.3132763523921889,-0.3132763523921889,31,42,42,0,5493,1220394.3070040003,True,True,True,True,False
30,regular,2026-09-10T13:30:40.000Z,2026-09-10T14:01:27.000Z,2026-09-10,4864,4894,30.783333333333335,63.0,222361,222472,222338,222479,1.106206713322766,-1.106206713322766,111,118,118,23,3387,2528638.0502210003,True,True,True,True,True
30,regular,2026-09-10T14:01:27.000Z,2026-09-10T14:32:02.000Z,2026-09-10,4894,4924,30.583333333333332,63.0,222472,222443,222419,222472,0.2848076339738048,0.2848076339738048,29,53,0,53,3404,1145009.880609,True,True,True,True,True
120,weekend,2026-09-05T12:32:48.000Z,2026-09-05T14:34:28.000Z,2026-09-05,1,25,121.66666666666667,412.0,221905,221891,221890,221906,0.13938943721125696,0.13938943721125696,14,15,1,15,27683,3616259.8637110004,True,False,False,False,False
120,weekend,2026-09-05T18:09:44.000Z,2026-09-05T20:13:01.000Z,2026-09-05,60,84,123.28333333333333,314.0,221880,221890,221880,221892,0.10437301581373015,-0.10437301581373015,10,12,12,0,7714,1318308.68947,True,False,False,False,False
120,weekend,2026-09-06T00:06:02.000Z,2026-09-06T02:09:20.000Z,2026-09-05,127,151,123.3,320.0,221885,221883,221883,221889,0.01787035579221552,0.01787035579221552,2,4,4,2,6794,933253.841221,False,False,False,False,False
120,weekend,2026-09-06T03:32:22.000Z,2026-09-06T05:32:42.000Z,2026-09-05,166,189,120.33333333333333,323.0,221885,221884,221879,221886,0.006751088834078267,0.006751088834078267,1,6,1,6,7758,1059831.7984820001,False,False,False,False,False
120,weekend,2026-09-06T09:41:35.000Z,2026-09-06T11:44:45.000Z,2026-09-06,234,258,123.16666666666667,315.0,221872,221867,221867,221874,0.04371334463637577,0.04371334463637577,5,5,2,5,2065,687006.6609399999,False,False,False,False,False
120,weekend,2026-09-06T11:44:45.000Z,2026-09-06T13:49:12.000Z,2026-09-06,258,282,124.45,320.0,221867,221878,221865,221879,0.1105292222010057,-0.1105292222010057,11,12,12,2,8269,1429061.258361,True,False,False,False,False
120,weekend,2026-09-06T13:49:12.000Z,2026-09-06T15:54:02.000Z,2026-09-06,282,306,124.83333333333333,320.0,221878,221881,221875,221884,0.02664249106644201,-0.02664249106644201,3,6,6,3,10853,1755369.3253839999,False,False,False,False,False
120,holiday,2026-09-07T08:57:49.000Z,2026-09-07T10:58:07.000Z,2026-09-07,444,555,120.3,201.0,221810,221839,221799,221841,0.2814326582263882,-0.2814326582263882,29,31,31,11,8797,1864403.8498779992,True,True,True,False,False
120,holiday,2026-09-07T10:58:07.000Z,2026-09-07T12:58:09.000Z,2026-09-07,555,671,120.03333333333333,123.0,221839,221839,221837,221849,0.004937901707358083,-0.004937901707358083,0,10,10,2,13960,1807582.6478119998,True,False,False,False,False
120,holiday,2026-09-07T12:58:09.000Z,2026-09-07T14:58:53.000Z,2026-09-07,671,787,120.73333333333333,184.0,221839,221837,221830,221846,0.01874305958349254,0.01874305958349254,2,9,7,9,12933,2286168.37478,False,False,False,False,False
120,holiday,2026-09-07T14:58:53.000Z,2026-09-07T16:59:39.000Z,2026-09-07,787,905,120.76666666666667,65.0,221837,221857,221837,221866,0.1954526306248594,-0.1954526306248594,20,29,29,0,12579,2458977.050077,True,True,False,False,False
120,holiday,2026-09-07T16:59:39.000Z,2026-09-07T19:00:37.000Z,2026-09-07,905,1021,120.96666666666667,186.0,221857,221848,221843,221857,0.08392554176448463,0.08392554176448463,9,14,0,14,11752,1682592.0323199988,True,False,False,False,False
120,holiday,2026-09-07T19:00:37.000Z,2026-09-07T21:01:33.000Z,2026-09-07,1021,1137,120.93333333333334,182.0,221848,221843,221841,221850,0.05742435051161454,0.05742435051161454,5,7,2,7,4784,840823.3404180005,False,False,False,False,False
120,holiday,2026-09-07T21:01:33.000Z,2026-09-07T23:02:32.000Z,2026-09-07,1137,1252,120.98333333333333,246.0,221843,221870,221837,221871,0.27731099955004,-0.27731099955004,27,28,28,6,6614,1386759.659987,True,True,False,False,False
120,holiday,2026-09-07T23:02:32.000Z,2026-09-08T01:03:21.000Z,2026-09-07,1252,1367,120.81666666666666,245.0,221870,221850,221843,221885,0.20425654033948693,0.20425654033948693,20,27,15,27,24793,5241653.697133999,True,True,False,False,False
120,holiday,2026-09-08T01:03:21.000Z,2026-09-08T03:04:12.000Z,2026-09-07,1367,1485,120.85,63.0,221850,221831,221815,221853,0.19134224433512426,0.19134224433512426,19,35,3,35,4488,1880572.7446939999,True,True,True,False,False
120,overnight,2026-09-08T04:00:30.000Z,2026-09-08T06:01:26.000Z,2026-09-08,1538,1656,120.93333333333334,63.0,221811,221852,221811,221852,0.40170453893146885,-0.40170453893146885,41,41,41,0,4214,1362207.50631,True,True,True,True,False
120,premarket,2026-09-08T08:00:12.000Z,2026-09-08T10:00:56.000Z,2026-09-08,1772,1890,120.73333333333333,63.0,221879,221863,221863,221907,0.1568948772963319,0.1568948772963319,16,28,28,16,18265,4572408.839052998,True,True,False,False,False
120,premarket,2026-09-08T10:00:56.000Z,2026-09-08T12:01:51.000Z,2026-09-08,1890,2006,120.91666666666667,184.0,221863,221869,221858,221896,0.057925560111737884,-0.057925560111737884,6,33,33,5,11365,3249022.5742180017,True,True,True,False,False
120,regular,2026-09-08T13:30:57.000Z,2026-09-08T15:31:45.000Z,2026-09-08,2091,2209,120.8,66.0,221813,222064,221807,222075,2.4792065728687196,-2.4792065728687196,251,262,262,6,8976,7128702.515852002,True,True,True,True,True
120,regular,2026-09-08T15:31:45.000Z,2026-09-08T17:32:42.000Z,2026-09-08,2209,2327,120.95,64.0,222064,222117,222060,222119,0.5238432316563624,-0.5238432316563624,53,55,55,4,17371,4314973.195820998,True,True,True,True,True
120,regular,2026-09-08T17:32:42.000Z,2026-09-08T19:34:26.000Z,2026-09-08,2327,2436,121.73333333333333,186.0,222117,222122,222098,222134,0.05617654513123682,-0.05617654513123682,5,19,17,19,13789,3267131.0109079983,True,False,False,False,False
120,afterhours,2026-09-08T20:00:07.000Z,2026-09-08T22:00:58.000Z,2026-09-08,2461,2579,120.85,64.0,222120,222124,222118,222127,0.03765536270898817,-0.03765536270898817,4,7,7,2,8659,1229657.0950299995,False,False,False,False,False
120,overnight,2026-09-09T00:00:38.000Z,2026-09-09T02:00:38.000Z,2026-09-08,2694,2811,120.0,63.0,222134,222106,222103,222135,0.2787982909901565,0.2787982909901565,28,31,1,31,3997,1379703.3127639992,True,True,True,False,False
120,overnight,2026-09-09T02:00:38.000Z,2026-09-09T04:01:36.000Z,2026-09-08,2811,2928,120.96666666666667,122.0,222106,222105,222101,222112,0.008265516038896692,0.008265516038896692,1,6,6,5,5948,1181336.38173,False,False,False,False,False
120,overnight,2026-09-09T04:01:36.000Z,2026-09-09T06:02:33.000Z,2026-09-09,2928,3046,120.95,64.0,222105,222109,222105,222110,0.03560922986833859,-0.03560922986833859,4,5,5,0,7319,852485.1777910001,False,False,False,False,False
120,premarket,2026-09-09T08:00:13.000Z,2026-09-09T10:00:14.000Z,2026-09-09,3159,3274,120.01666666666667,186.0,222099,222167,222095,222167,0.6776881105573285,-0.6776881105573285,68,68,68,4,9062,2027334.0552340006,True,True,True,True,True
120,premarket,2026-09-09T10:00:14.000Z,2026-09-09T12:01:06.000Z,2026-09-09,3274,3392,120.86666666666666,64.0,222167,222156,222147,222196,0.10902864529087619,0.10902864529087619,11,29,29,20,14326,2880063.3509879997,True,True,False,False,False
120,regular,2026-09-09T13:30:07.000Z,2026-09-09T15:30:54.000Z,2026-09-09,3477,3593,120.78333333333333,185.0,222152,222214,222123,222215,0.6152431814618664,-0.6152431814618664,62,63,63,29,10940,6718778.9485369995,True,True,True,True,True
120,regular,2026-09-09T15:30:54.000Z,2026-09-09T17:31:01.000Z,2026-09-09,3593,3704,120.11666666666666,187.0,222214,222187,222178,222214,0.2678494190540004,0.2678494190540004,27,36,0,36,14218,2919201.0858949996,True,True,True,False,False
120,regular,2026-09-09T17:31:01.000Z,2026-09-09T19:32:00.000Z,2026-09-09,3704,3815,120.98333333333333,246.0,222187,222187,222183,222215,0.006980109069698592,0.006980109069698592,0,28,28,4,8185,2593215.2315620007,True,True,False,False,False
120,afterhours,2026-09-09T20:00:42.000Z,2026-09-09T22:01:32.000Z,2026-09-09,3843,3961,120.83333333333333,63.0,222210,222220,222207,222221,0.09427778764901085,-0.09427778764901085,10,11,11,3,6629,1453359.4738529997,True,False,False,False,False
120,overnight,2026-09-10T00:00:14.000Z,2026-09-10T02:01:07.000Z,2026-09-09,4077,4195,120.88333333333334,63.0,222218,222251,222210,222271,0.3244582238428162,-0.3244582238428162,33,53,53,8,3539,2684035.0804170016,True,True,True,True,True
120,overnight,2026-09-10T02:01:07.000Z,2026-09-10T04:01:55.000Z,2026-09-09,4195,4313,120.8,63.0,222251,222234,222234,222251,0.17062814430051088,0.17062814430051088,17,17,0,17,12913,2018610.1654560002,True,False,False,False,False
120,overnight,2026-09-10T04:01:55.000Z,2026-09-10T06:02:55.000Z,2026-09-10,4313,4429,121.0,184.0,222234,222229,222227,222240,0.049750668013937016,0.049750668013937016,5,7,6,7,6398,1366605.648869001,False,False,False,False,False
120,premarket,2026-09-10T08:00:43.000Z,2026-09-10T10:01:30.000Z,2026-09-10,4542,4660,120.78333333333333,63.0,222253,222234,222229,222255,0.18287189765053835,0.18287189765053835,19,24,2,24,4850,1474285.8952549994,True,True,False,False,False
120,premarket,2026-09-10T10:01:30.000Z,2026-09-10T12:02:27.000Z,2026-09-10,4660,4778,120.95,63.0,222234,222278,222234,222278,0.4364764637758811,-0.4364764637758811,44,44,44,0,8771,1687831.312732,True,True,True,True,False
