symbol,phase,scenario,name,netPnlQuote,alphaQuote,feesQuote,totalGasWithExitQuote,entries,recenters,partialFailures,outsideMs,holdingMs,drawdownPpm,averageDeploymentPpm,maximumRiskyExposurePpm,partialFeeSegments,feeApportionmentGapQuote,sourceGapMs,invalid
AAPL,development,pinned_fork_costs,fixed_20,148422629,175387686,222244763,2547931,1,10,0,935000,165414000,3024,996552,999248,0,0,0,
AAPL,development,pinned_fork_costs,fixed_40,85657262,112622319,123878659,746811,1,2,0,120000,165518000,2732,994423,997232,2,1,0,
AAPL,development,pinned_fork_costs,fixed_80,27669843,54634900,65242783,521671,1,1,0,0,165518000,3675,995437,994093,2,1,0,
AAPL,development,pinned_fork_costs,fixed_160,-1897822,25067235,33751463,296531,1,0,0,0,165518000,3566,997036,806926,0,0,0,
AAPL,development,pinned_fork_costs,adaptive_width,148422629,175387686,222244763,2547931,1,10,0,935000,165414000,3024,996552,999248,0,0,0,
AAPL,development,pinned_fork_costs,adaptive_economic,131779431,158744488,173835198,1197091,1,4,0,19216000,165414000,2336,994585,999248,2,1,0,
AAPL,development,double_gas_half_fees,fixed_20,34481598,61550251,110283346,5095862,1,10,0,935000,165414000,3406,998145,999804,0,0,0,
AAPL,development,double_gas_half_fees,fixed_40,22875752,49944405,61786451,1493622,1,2,0,120000,165518000,3506,997203,998665,2,1,0,
AAPL,development,double_gas_half_fees,fixed_80,-5463646,21605007,32609444,1043342,1,1,0,0,165518000,4178,997676,997082,2,1,0,
AAPL,development,double_gas_half_fees,fixed_160,-19054898,8013755,16875731,593062,1,0,0,0,165518000,4530,998475,807964,0,0,0,
AAPL,development,double_gas_half_fees,adaptive_width,34481598,61550251,110283346,5095862,1,10,0,935000,165414000,3406,998145,999804,0,0,0,
AAPL,development,double_gas_half_fees,adaptive_economic,43379395,70448048,86506763,2394182,1,4,0,19216000,165414000,3111,997029,999744,2,1,0,
AAPL,development,partial_mint_failure,fixed_20,134050487,161015544,217022090,3581145,3,11,2,1109000,163709000,2348,986494,999985,2,1,0,
AAPL,development,partial_mint_failure,fixed_40,85657262,112622319,123878659,746811,1,2,0,120000,165518000,2732,994423,997232,2,1,0,
AAPL,development,partial_mint_failure,fixed_80,27669843,54634900,65242783,521671,1,1,0,0,165518000,3675,995437,994093,2,1,0,
AAPL,development,partial_mint_failure,fixed_160,-1897822,25067235,33751463,296531,1,0,0,0,165518000,3566,997036,806926,0,0,0,
AAPL,development,partial_mint_failure,adaptive_width,134050487,161015544,217022090,3581145,3,11,2,1109000,163709000,2348,986494,999985,2,1,0,
AAPL,development,partial_mint_failure,adaptive_economic,131779431,158744488,173835198,1197091,1,4,0,19216000,165414000,2336,994585,999248,2,1,0,
AAPL,validation,pinned_fork_costs,fixed_20,38288881,55430316,171001498,5024471,1,21,0,1272000,86158000,13755,997047,1000407,43,6,0,
AAPL,validation,pinned_fork_costs,fixed_40,53867661,71009096,111144051,1422231,1,5,0,460000,86158000,8542,991133,1000080,4,1,0,
AAPL,validation,pinned_fork_costs,fixed_80,33066586,50208021,61119645,521671,1,1,0,25000,86158000,6612,993069,998460,2,1,0,
AAPL,validation,pinned_fork_costs,fixed_160,11855303,28996738,31886847,296531,1,0,0,0,86158000,6637,994031,818358,0,0,0,
AAPL,validation,pinned_fork_costs,adaptive_width,32911526,50052961,74463448,971951,1,3,0,316000,86158000,8837,993282,1000080,2,1,0,
AAPL,validation,pinned_fork_costs,adaptive_economic,72395013,89536448,103289749,746811,1,2,0,6794000,86158000,6216,989573,1000080,2,1,0,
AAPL,validation,double_gas_half_fees,fixed_20,-52041222,-34796191,84994861,10048942,1,21,0,1272000,86158000,16565,998437,1001538,43,3,0,
AAPL,validation,double_gas_half_fees,fixed_40,-3106764,14138267,55427937,2844462,1,5,0,460000,86158000,10506,994752,1000260,4,1,0,
AAPL,validation,double_gas_half_fees,fixed_80,1964882,19209913,30525773,1043342,1,1,0,25000,86158000,7319,995571,999283,2,1,0,
AAPL,validation,double_gas_half_fees,fixed_160,-4375443,12869588,15943423,593062,1,0,0,0,86158000,7217,996004,819120,0,0,0,
AAPL,validation,double_gas_half_fees,adaptive_width,1964882,19209913,30525773,1043342,1,1,0,25000,86158000,7319,995571,999283,2,1,0,
AAPL,validation,double_gas_half_fees,adaptive_economic,1964882,19209913,30525773,1043342,1,1,0,25000,86158000,7319,995571,999283,2,1,0,
AAPL,validation,partial_mint_failure,fixed_20,56591769,73733204,162494314,4210322,4,12,3,983000,83230000,10381,962965,1000156,30,4,0,
AAPL,validation,partial_mint_failure,fixed_40,52857606,69999041,110340754,1601128,2,4,1,460000,85494000,8542,983457,1000080,4,1,0,
AAPL,validation,partial_mint_failure,fixed_80,33066586,50208021,61119645,521671,1,1,0,25000,86158000,6612,993069,998460,2,1,0,
AAPL,validation,partial_mint_failure,fixed_160,11855303,28996738,31886847,296531,1,0,0,0,86158000,6637,994031,818358,0,0,0,
AAPL,validation,partial_mint_failure,adaptive_width,32911526,50052961,74463448,971951,1,3,0,316000,86158000,8837,993282,1000080,2,1,0,
AAPL,validation,partial_mint_failure,adaptive_economic,72395013,89536448,103289749,746811,1,2,0,6794000,86158000,6216,989573,1000080,2,1,0,
GOOGL,development,pinned_fork_costs,fixed_20,143055204,166376044,236104472,3393801,1,14,0,663000,165554000,8973,997005,1000500,32,3,0,
GOOGL,development,pinned_fork_costs,fixed_40,60077993,83398833,129008603,1623321,1,6,0,360000,165554000,8406,997358,1000073,32,2,0,
GOOGL,development,pinned_fork_costs,fixed_80,31618069,54938909,68270143,516771,1,1,0,77000,165554000,7615,994708,993406,0,0,0,
GOOGL,development,pinned_fork_costs,fixed_160,5197614,28518454,34963641,295461,1,0,0,0,165554000,6671,996914,782028,0,0,0,
GOOGL,development,pinned_fork_costs,adaptive_width,143055204,166376044,236104472,3393801,1,14,0,663000,165554000,8973,997005,1000500,32,3,0,
GOOGL,development,pinned_fork_costs,adaptive_economic,68819647,92140487,110728333,1180701,1,4,0,45422000,165554000,4265,994377,1000142,0,0,0,
GOOGL,development,double_gas_half_fees,fixed_20,21645805,45069092,117067808,6787602,1,14,0,663000,165554000,10205,998730,1001169,32,2,0,
GOOGL,development,double_gas_half_fees,fixed_40,-6017164,17406123,64211928,3246642,1,6,0,360000,165554000,8896,998744,1000424,32,1,0,
GOOGL,development,double_gas_half_fees,fixed_80,-3023193,20400094,34132236,1033542,1,1,0,77000,165554000,7931,997295,996734,0,0,0,
GOOGL,development,double_gas_half_fees,fixed_160,-12570637,10852650,17481820,590922,1,0,0,0,165554000,6793,998404,783011,0,0,0,
GOOGL,development,double_gas_half_fees,adaptive_width,21645805,45069092,117067808,6787602,1,14,0,663000,165554000,10205,998730,1001169,32,2,0,
GOOGL,development,double_gas_half_fees,adaptive_economic,12226198,35649485,55219519,2361402,1,4,0,45422000,165554000,4646,997239,1000324,0,0,0,
GOOGL,development,partial_mint_failure,fixed_20,147579578,170900418,233781560,3305927,3,10,2,578000,163839000,8297,986620,1000541,32,3,0,
GOOGL,development,partial_mint_failure,fixed_40,59688789,83009629,128856383,1800694,2,5,1,360000,164902000,8482,993424,1000134,32,2,0,
GOOGL,development,partial_mint_failure,fixed_80,31618069,54938909,68270143,516771,1,1,0,77000,165554000,7615,994708,993406,0,0,0,
GOOGL,development,partial_mint_failure,fixed_160,5197614,28518454,34963641,295461,1,0,0,0,165554000,6671,996914,782028,0,0,0,
GOOGL,development,partial_mint_failure,adaptive_width,147579578,170900418,233781560,3305927,3,10,2,578000,163839000,8297,986620,1000541,32,3,0,
GOOGL,development,partial_mint_failure,adaptive_economic,68819647,92140487,110728333,1180701,1,4,0,45422000,165554000,4265,994377,1000142,0,0,0,
GOOGL,validation,pinned_fork_costs,fixed_20,23302393,10980662,87200435,3836421,1,16,0,1129000,85782000,6477,992995,1000364,2,1,0,
GOOGL,validation,pinned_fork_costs,fixed_40,9034114,-3287617,49592759,1844631,1,7,0,362000,85876000,6821,993779,999966,2,1,0,
GOOGL,validation,pinned_fork_costs,fixed_80,8244135,-4077596,26138383,738081,1,2,0,161000,86315000,7113,997841,999641,2,1,0,
GOOGL,validation,pinned_fork_costs,fixed_160,23421322,11099591,13527600,295461,1,0,0,0,86315000,6399,998104,808734,0,0,0,
GOOGL,validation,pinned_fork_costs,adaptive_width,24166365,11844634,13508294,295461,1,0,0,0,85876000,6399,993024,808733,0,0,0,
GOOGL,validation,pinned_fork_costs,adaptive_economic,24166365,11844634,13508294,295461,1,0,0,0,85876000,6399,993024,808733,0,0,0,
GOOGL,validation,double_gas_half_fees,fixed_20,-24038669,-36257953,43455496,7672842,1,16,0,1129000,85782000,8776,993953,1000995,2,1,0,
GOOGL,validation,double_gas_half_fees,fixed_40,-17572419,-29791703,24751625,3689262,1,7,0,362000,85876000,7790,994508,1000371,2,1,0,
GOOGL,validation,double_gas_half_fees,fixed_80,-5554938,-17774222,13061827,1476162,1,2,0,161000,86315000,7586,998878,999874,2,1,0,
GOOGL,validation,double_gas_half_fees,fixed_160,16364330,4145046,6763799,590922,1,0,0,0,86315000,6622,998913,808818,0,0,0,
GOOGL,validation,double_gas_half_fees,adaptive_width,17119020,4899736,6754147,590922,1,0,0,0,85876000,6622,993830,808817,0,0,0,
GOOGL,validation,double_gas_half_fees,adaptive_economic,17119020,4899736,6754147,590922,1,0,0,0,85876000,6622,993830,808817,0,0,0,
GOOGL,validation,partial_mint_failure,fixed_20,23643048,11321317,80637988,3527237,3,11,2,949000,84101000,6477,973451,1000510,0,0,0,
GOOGL,validation,partial_mint_failure,fixed_40,7465934,-4855797,49134977,2022004,2,6,1,406000,85190000,6821,985887,999886,2,1,0,
GOOGL,validation,partial_mint_failure,fixed_80,8244135,-4077596,26138383,738081,1,2,0,161000,86315000,7113,997841,999641,2,1,0,
GOOGL,validation,partial_mint_failure,fixed_160,23421322,11099591,13527600,295461,1,0,0,0,86315000,6399,998104,808734,0,0,0,
GOOGL,validation,partial_mint_failure,adaptive_width,24166365,11844634,13508294,295461,1,0,0,0,85876000,6399,993024,808733,0,0,0,
GOOGL,validation,partial_mint_failure,adaptive_economic,24166365,11844634,13508294,295461,1,0,0,0,85876000,6399,993024,808733,0,0,0,
AAPL,retrospective_test,pinned_fork_costs,fixed_20,327159542,208147171,906601495,29114451,1,128,0,6672000,213607000,12153,999133,1005119,83,11,0,
AAPL,retrospective_test,pinned_fork_costs,fixed_40,303418016,184405645,588210163,10878111,1,47,0,2357000,214165000,11794,998341,1001297,20,2,0,
AAPL,retrospective_test,pinned_fork_costs,fixed_80,278730570,159718199,329422648,2998211,1,12,0,650000,214165000,11835,996603,998133,8,1,0,
AAPL,retrospective_test,pinned_fork_costs,fixed_160,167381297,48368926,171175177,1422231,1,5,0,202000,214165000,12147,997212,998867,5,1,0,
AAPL,retrospective_test,pinned_fork_costs,adaptive_width,343052507,224040136,651476984,15155771,1,66,0,3259000,213607000,11510,997048,1002073,35,5,0,
AAPL,retrospective_test,pinned_fork_costs,adaptive_economic,134114280,15101909,284876983,4123911,1,17,0,133889000,213607000,11510,988811,1000504,24,3,0,
AAPL,retrospective_test,double_gas_half_fees,fixed_20,-139138958,-258047733,438917923,58228902,1,128,0,6672000,213607000,36007,1002950,1011695,83,6,0,
AAPL,retrospective_test,double_gas_half_fees,fixed_40,3478263,-115430512,287415063,21756222,1,47,0,2357000,214165000,14150,1000793,1003780,20,1,0,
AAPL,retrospective_test,double_gas_half_fees,fixed_80,111769606,-7139169,162613874,5996422,1,12,0,650000,214165000,12939,998617,999589,8,1,0,
AAPL,retrospective_test,double_gas_half_fees,fixed_160,80680207,-38228568,85055437,2844462,1,5,0,202000,214165000,12700,998739,999487,5,1,0,
AAPL,retrospective_test,double_gas_half_fees,adaptive_width,-6074573,-124983348,227864745,20405382,1,44,0,2201000,214165000,15694,1001891,1003304,31,2,0,
AAPL,retrospective_test,double_gas_half_fees,adaptive_economic,-12505050,-131413825,51095639,1043342,1,1,0,176485000,214165000,12700,993766,999487,0,0,0,
AAPL,retrospective_test,partial_mint_failure,fixed_20,265518930,146506559,582331388,21845503,17,67,16,4493000,192779000,12336,900798,1003770,48,7,0,
AAPL,retrospective_test,partial_mint_failure,fixed_40,277991595,158979224,467461806,9428710,8,28,7,1799000,202461000,12004,944029,1001207,14,2,0,
AAPL,retrospective_test,partial_mint_failure,fixed_80,269650841,150638470,301597628,2905725,3,8,2,554000,210724000,11835,980432,998133,4,1,0,
AAPL,retrospective_test,partial_mint_failure,fixed_160,161140118,42127747,165104387,1601128,2,4,1,202000,213110000,12147,992401,998867,5,1,0,
AAPL,retrospective_test,partial_mint_failure,adaptive_width,189607865,70595494,398824187,14647098,12,44,11,3034000,196083000,11510,914956,1002294,13,2,0,
AAPL,retrospective_test,partial_mint_failure,adaptive_economic,63723421,-55288950,190610034,4210322,4,12,3,137400000,208802000,11510,971328,1000456,6,1,0,
GOOGL,retrospective_test,pinned_fork_costs,fixed_20,434257649,438497020,836084590,16229781,1,72,0,4597000,213649000,34581,994669,1002816,16,2,0,
GOOGL,retrospective_test,pinned_fork_costs,fixed_40,233092256,237331627,460701151,6270831,1,27,0,1489000,213784000,29217,993163,1000791,9,1,0,
GOOGL,retrospective_test,pinned_fork_costs,fixed_80,106152708,110392079,240235018,2508561,1,10,0,705000,214149000,23484,993265,1000002,0,0,0,
GOOGL,retrospective_test,pinned_fork_costs,fixed_160,24960983,29200354,122084059,1180701,1,4,0,216000,214149000,23426,996082,999933,0,0,0,
GOOGL,retrospective_test,pinned_fork_costs,adaptive_width,42238669,46478040,216852389,4721661,1,20,0,1295000,213784000,24877,991784,1000760,10,1,0,
GOOGL,retrospective_test,pinned_fork_costs,adaptive_economic,167938895,172178266,329426727,2951181,1,12,0,133065000,213784000,24157,994004,1000081,37,2,0,
GOOGL,retrospective_test,double_gas_half_fees,fixed_20,-2386027,1955791,403433500,32459562,1,72,0,4597000,213649000,39939,998675,1006303,16,1,0,
GOOGL,retrospective_test,double_gas_half_fees,fixed_40,-3938424,403394,226322463,12541662,1,27,0,1489000,213784000,32405,996638,1002001,9,1,0,
GOOGL,retrospective_test,double_gas_half_fees,fixed_80,-16038232,-11696414,119199459,5017122,1,10,0,705000,214149000,24832,996860,1000191,0,0,0,
GOOGL,retrospective_test,double_gas_half_fees,fixed_160,-37123210,-32781392,60810557,2361402,1,4,0,216000,214149000,24133,998113,1000020,0,0,0,
GOOGL,retrospective_test,double_gas_half_fees,adaptive_width,77313135,81654953,337663251,18295722,1,40,0,2050000,213784000,26144,998357,1002055,5,1,0,
GOOGL,retrospective_test,double_gas_half_fees,adaptive_economic,-84151168,-79809350,38694377,1918782,1,3,0,97368000,213784000,26144,993704,1000162,0,0,0,
GOOGL,retrospective_test,partial_mint_failure,fixed_20,355842006,360081377,709267679,16366467,13,51,12,4004000,194157000,29352,904182,1002933,5,1,0,
GOOGL,retrospective_test,partial_mint_failure,fixed_40,243711298,247950669,430910125,5873773,5,18,4,1291000,208767000,26627,967353,1000486,2,1,0,
GOOGL,retrospective_test,partial_mint_failure,fixed_80,132982438,137221809,240145879,2243314,2,7,1,571000,213239000,23484,987995,1000002,0,0,0,
GOOGL,retrospective_test,partial_mint_failure,fixed_160,24960983,29200354,122084059,1180701,1,4,0,216000,214149000,23426,996082,999933,0,0,0,
GOOGL,retrospective_test,partial_mint_failure,adaptive_width,13626524,17865895,177618066,4811160,4,15,3,1149000,207403000,24919,962106,1000833,10,1,0,
GOOGL,retrospective_test,partial_mint_failure,adaptive_economic,130157080,134396451,291353465,3748547,3,12,2,123832000,211361000,24157,982655,1000081,37,2,0,
