symbol,budgetQuote,scenario,name,fromAt,toAt,preBenchmarkCashWaitMs,netPnlQuote,alphaQuote,feesQuote,totalGasWithExitQuote,entries,recenters,partialFailures,outsideMs,holdingMs,fullWindowMs,drawdownPpm,maximumLiquidityToExistingPpm,sourceGapMs,invalid
AAPL,5000000000,pinned_fork_costs,fixed_20,1785915808000,1789154997000,719008000,204149581,41315577,4252360246,192566091,1,854,0,103691000,3238787000,3958197000,285866,5650190,9277000,
AAPL,5000000000,pinned_fork_costs,fixed_40,1785915808000,1789154997000,719008000,1220740149,1057906145,3373146896,55005551,1,243,0,25529000,3238787000,3958197000,90423,3514149,9277000,
AAPL,5000000000,pinned_fork_costs,fixed_80,1785915808000,1789154997000,719008000,1138696767,975862763,2111743076,16281471,1,71,0,8783000,3238787000,3958197000,49756,1776116,9277000,
AAPL,5000000000,pinned_fork_costs,fixed_160,1785915808000,1789154997000,719008000,906321088,743487084,1069894148,3223351,1,13,0,90691000,2466360000,3958197000,20602,929637,9277000,
AAPL,5000000000,pinned_fork_costs,adaptive_width,1785915808000,1789154997000,719008000,1337519123,1174685119,2386157228,29339591,1,129,0,497404000,2883674000,3958197000,34961,5921475,9277000,
AAPL,5000000000,pinned_fork_costs,adaptive_economic,1785915808000,1789154997000,719008000,306869798,144035794,430131885,3448491,1,14,0,2302460000,2883674000,3958197000,34961,1532496,9277000,
AAPL,5000000000,double_gas_half_fees,fixed_20,1785915808000,1789154997000,719008000,-1881427286,-2044157694,1811757635,385132182,1,854,0,103691000,3238787000,3958197000,382914,4987248,9277000,
AAPL,5000000000,double_gas_half_fees,fixed_40,1785915808000,1789154997000,719008000,-446554911,-609285319,1499633843,110011102,1,243,0,25529000,3238787000,3958197000,144907,3189288,9277000,
AAPL,5000000000,double_gas_half_fees,fixed_80,1785915808000,1789154997000,719008000,93381110,-69349298,980489918,31662382,1,69,0,8450000,3238787000,3958197000,78577,1658335,9277000,
AAPL,5000000000,double_gas_half_fees,fixed_160,1785915808000,1789154997000,719008000,368522729,205792321,514482052,6446702,1,13,0,90691000,2466360000,3958197000,26495,901866,9277000,
AAPL,5000000000,double_gas_half_fees,adaptive_width,1785915808000,1789154997000,719008000,62620224,-100110184,911040103,43369662,1,95,0,494243000,2883674000,3958197000,35586,5702970,9277000,
AAPL,5000000000,double_gas_half_fees,adaptive_economic,1785915808000,1789154997000,719008000,89570259,-73160149,126046302,1043342,1,1,0,2354070000,2883674000,3958197000,35170,1532496,9277000,
AAPL,5000000000,partial_mint_failure,fixed_20,1785915808000,1789154997000,719008000,375566350,212732346,3573721958,171874158,132,527,131,83268000,2999974000,3958197000,221638,6098840,9277000,
AAPL,5000000000,partial_mint_failure,fixed_40,1785915808000,1789154997000,719008000,935852123,773018119,2940329978,60307993,47,184,46,28344000,3160286000,3958197000,120863,4821548,9277000,
AAPL,5000000000,partial_mint_failure,fixed_80,1785915808000,1789154997000,719008000,1133759147,970925143,2064481992,17256292,14,52,13,11537000,3217811000,3958197000,43471,1791538,9277000,
AAPL,5000000000,partial_mint_failure,fixed_160,1785915808000,1789154997000,719008000,895017204,732183200,1052869866,3581145,3,11,2,90683000,2463801000,3958197000,24384,929637,9277000,
AAPL,5000000000,partial_mint_failure,adaptive_width,1785915808000,1789154997000,719008000,938537985,775703981,1577434750,18560889,15,56,14,492443000,2862784000,3958197000,34961,3049922,9277000,
AAPL,5000000000,partial_mint_failure,adaptive_economic,1785915808000,1789154997000,719008000,309164773,146330769,410814355,3130865,3,9,2,2301333000,2880087000,3958197000,34961,1532496,9277000,
AAPL,1000000000,pinned_fork_costs,fixed_20,1785915808000,1789154997000,719008000,657479047,623074633,1829455092,192566091,1,854,0,103691000,3238787000,3958197000,167919,1557419,9277000,
AAPL,1000000000,pinned_fork_costs,fixed_40,1785915808000,1789154997000,719008000,644072000,609667586,1155573757,55005551,1,243,0,25529000,3238787000,3958197000,31959,855121,9277000,
AAPL,1000000000,pinned_fork_costs,fixed_80,1785915808000,1789154997000,719008000,378869946,344465532,581339002,17182031,1,75,0,7322000,3238787000,3958197000,28281,571283,9277000,
AAPL,1000000000,pinned_fork_costs,fixed_160,1785915808000,1789154997000,719008000,211243335,176838921,295323848,5024471,1,21,0,1308000,3239157000,3958197000,24823,280770,9277000,
AAPL,1000000000,pinned_fork_costs,adaptive_width,1785915808000,1789154997000,719008000,451320645,416916231,887163521,59733491,1,264,0,45127000,3238787000,3958197000,34738,1270858,9277000,
AAPL,1000000000,pinned_fork_costs,adaptive_economic,1785915808000,1789154997000,719008000,249488734,215084320,383397982,11553531,1,50,0,2628158000,3238787000,3958197000,19721,611844,9277000,
AAPL,1000000000,double_gas_half_fees,fixed_20,1785915808000,1789154997000,719008000,-436676490,-470977308,669366850,385132182,1,854,0,103691000,3238787000,3958197000,445835,1202671,9277000,
AAPL,1000000000,double_gas_half_fees,fixed_40,1785915808000,1789154997000,719008000,-2568647,-36869465,470967135,110011102,1,243,0,25529000,3238787000,3958197000,101446,716331,9277000,
AAPL,1000000000,double_gas_half_fees,fixed_80,1785915808000,1789154997000,719008000,60626663,26325845,259039328,34364062,1,75,0,7322000,3238787000,3958197000,59008,513788,9277000,
AAPL,1000000000,double_gas_half_fees,fixed_160,1785915808000,1789154997000,719008000,57620505,23319687,139203109,10048942,1,21,0,1308000,3239157000,3958197000,31906,264759,9277000,
AAPL,1000000000,double_gas_half_fees,adaptive_width,1785915808000,1789154997000,719008000,21323608,-12977210,207069359,42919382,1,94,0,7664000,3238787000,3958197000,47397,1240742,9277000,
AAPL,1000000000,double_gas_half_fees,adaptive_economic,1785915808000,1789154997000,719008000,20750700,-13550118,31723892,1043342,1,1,0,2022658000,3238787000,3958197000,24402,153694,9277000,
AAPL,1000000000,partial_mint_failure,fixed_20,1785915808000,1789154997000,719008000,511501491,477097077,1366536372,162741979,125,499,124,78600000,2920099000,3958197000,98901,1638349,9277000,
AAPL,1000000000,partial_mint_failure,fixed_40,1785915808000,1789154997000,719008000,566125813,531721399,1006876308,56394202,44,172,43,25664000,3143745000,3958197000,40509,1184290,9277000,
AAPL,1000000000,partial_mint_failure,fixed_80,1785915808000,1789154997000,719008000,346257378,311852964,558041003,20090626,16,61,15,9307000,3216080000,3958197000,28135,401133,9277000,
AAPL,1000000000,partial_mint_failure,fixed_160,1785915808000,1789154997000,719008000,212027779,177623365,292307879,5514919,5,16,4,1288000,3234334000,3958197000,20531,280278,9277000,
AAPL,1000000000,partial_mint_failure,adaptive_width,1785915808000,1789154997000,719008000,416784579,382380165,726240117,49467180,38,152,37,13484000,3182450000,3958197000,24845,1115364,9277000,
AAPL,1000000000,partial_mint_failure,adaptive_economic,1785915808000,1789154997000,719008000,230399792,195995378,332647250,8574393,7,26,6,2563322000,3225739000,3958197000,19719,611844,9277000,
AAPL,250000000,pinned_fork_costs,fixed_20,1785915808000,1789154997000,719008000,201513330,192899515,687181831,192566091,1,854,0,103691000,3238787000,3958197000,249084,487823,9277000,
AAPL,250000000,pinned_fork_costs,fixed_40,1785915808000,1789154997000,719008000,183293605,174679790,357803303,55005551,1,243,0,25529000,3238787000,3958197000,36210,236407,9277000,
AAPL,250000000,pinned_fork_costs,fixed_80,1785915808000,1789154997000,719008000,98327958,89714143,160309606,17182031,1,75,0,7322000,3238787000,3958197000,29164,148044,9277000,
AAPL,250000000,pinned_fork_costs,fixed_160,1785915808000,1789154997000,719008000,53081940,44468125,77217132,5024471,1,21,0,1308000,3239157000,3958197000,25583,70914,9277000,
AAPL,250000000,pinned_fork_costs,adaptive_width,1785915808000,1789154997000,719008000,143087828,134474013,321072862,69864791,1,309,0,20084000,3238787000,3958197000,33844,361227,9277000,
AAPL,250000000,pinned_fork_costs,adaptive_economic,1785915808000,1789154997000,719008000,44979708,36365893,60997612,2322791,1,9,0,1680594000,3238787000,3958197000,39762,67680,9277000,
AAPL,250000000,double_gas_half_fees,fixed_20,1785915808000,1789154997000,719008000,-250283314,-258793533,116654271,246445942,1,546,0,87039000,3238787000,3958197000,1000666,340401,981099000,capital_exhausted
AAPL,250000000,double_gas_half_fees,fixed_40,1785915808000,1789154997000,719008000,-61717365,-70227584,138796420,110011102,1,243,0,25529000,3238787000,3958197000,250633,189573,9277000,
AAPL,250000000,double_gas_half_fees,fixed_80,1785915808000,1789154997000,719008000,-3013825,-11524044,70421641,34364062,1,75,0,7322000,3238787000,3958197000,93562,131333,9277000,
AAPL,250000000,double_gas_half_fees,fixed_160,1785915808000,1789154997000,719008000,9043282,533063,36268450,10048942,1,21,0,1308000,3239157000,3958197000,37360,66616,9277000,
AAPL,250000000,double_gas_half_fees,adaptive_width,1785915808000,1789154997000,719008000,-12608591,-21118810,54223194,36615462,1,80,0,5743000,3238787000,3958197000,87479,154266,9277000,
AAPL,250000000,double_gas_half_fees,adaptive_economic,1785915808000,1789154997000,719008000,14475319,5965100,14112682,593062,1,0,0,1776371000,3238787000,3958197000,28878,38594,9277000,
AAPL,250000000,partial_mint_failure,fixed_20,1785915808000,1789154997000,719008000,148941325,140327510,500601138,157523591,121,483,120,75798000,2884516000,3958197000,120799,500136,9277000,
AAPL,250000000,partial_mint_failure,fixed_40,1785915808000,1789154997000,719008000,157389280,148775465,308813938,55089605,43,168,42,24897000,3142668000,3958197000,47132,326165,9277000,
AAPL,250000000,partial_mint_failure,fixed_80,1785915808000,1789154997000,719008000,87408752,78794937,153877392,20090626,16,61,15,9307000,3216080000,3958197000,29501,103916,9277000,
AAPL,250000000,partial_mint_failure,fixed_160,1785915808000,1789154997000,719008000,52844631,44230816,76423889,5514919,5,16,4,1288000,3234334000,3958197000,21217,70792,9277000,
AAPL,250000000,partial_mint_failure,adaptive_width,1785915808000,1789154997000,719008000,98456841,89843026,229006650,57294762,44,176,43,14235000,3170964000,3958197000,33255,321562,9277000,
AAPL,250000000,partial_mint_failure,adaptive_economic,1785915808000,1789154997000,719008000,48408244,39794429,60001771,1601128,2,4,1,1668065000,3233317000,3958197000,40012,67680,9277000,
GOOGL,5000000000,pinned_fork_costs,fixed_20,1785842666000,1789154999000,645866000,-1980760,178047469,3157443826,138171591,1,623,0,611467000,3206683000,3958199000,286375,3250860586,375843000,
GOOGL,5000000000,pinned_fork_costs,fixed_40,1785842666000,1789154999000,645866000,554962765,734990994,2340132518,40795191,1,183,0,230889000,3206683000,3958199000,150302,1720551471,375843000,
GOOGL,5000000000,pinned_fork_costs,fixed_80,1785842666000,1789154999000,645866000,573706747,753734976,1411806896,7820001,1,34,0,1602029000,3208073000,3958199000,76840,2197496,375843000,
GOOGL,5000000000,pinned_fork_costs,fixed_160,1785842666000,1789154999000,645866000,379752471,559780700,792054109,1623321,1,6,0,1360269000,3208894000,3958199000,65304,10372091,375843000,
GOOGL,5000000000,pinned_fork_costs,adaptive_width,1785842666000,1789154999000,645866000,736034009,916062238,1595554746,18221571,1,81,0,1834508000,3184220000,3958199000,68852,9558874,375843000,
GOOGL,5000000000,pinned_fork_costs,adaptive_economic,1785842666000,1789154999000,645866000,527874183,707902412,1127358296,8262621,1,36,0,2689747000,3184220000,3958199000,68852,9558874,375843000,
GOOGL,5000000000,double_gas_half_fees,fixed_20,1785842666000,1789154999000,645866000,-1693879535,-1513748859,1352705952,276343182,1,623,0,611467000,3206683000,3958199000,380078,3241636045,375843000,
GOOGL,5000000000,double_gas_half_fees,fixed_40,1785842666000,1789154999000,645866000,-659404790,-479274114,1057911115,81590382,1,183,0,230889000,3206683000,3958199000,185577,1714674287,375843000,
GOOGL,5000000000,double_gas_half_fees,fixed_80,1785842666000,1789154999000,645866000,-148282548,31848128,666354817,15640002,1,34,0,1602029000,3208073000,3958199000,80355,2188117,375843000,
GOOGL,5000000000,double_gas_half_fees,fixed_160,1785842666000,1789154999000,645866000,-23351241,156779435,385111635,3246642,1,6,0,1360269000,3208894000,3958199000,66255,10372091,375843000,
GOOGL,5000000000,double_gas_half_fees,adaptive_width,1785842666000,1789154999000,645866000,-18530436,161600240,499363130,9885942,1,21,0,1829759000,3184220000,3958199000,69461,9558874,375843000,
GOOGL,5000000000,double_gas_half_fees,adaptive_economic,1785842666000,1789154999000,645866000,-197600467,-17469791,235580172,3689262,1,7,0,2647934000,3184220000,3958199000,69461,9558874,375843000,
GOOGL,5000000000,partial_mint_failure,fixed_20,1785842666000,1789154999000,645866000,-193061481,-13033252,2533061102,130635614,102,407,101,565712000,2938746000,3958199000,252376,3305524565,375843000,
GOOGL,5000000000,partial_mint_failure,fixed_40,1785842666000,1789154999000,645866000,634205814,814234043,2266982868,43107540,34,134,33,244802000,3137424000,3958199000,139622,1719839755,375843000,
GOOGL,5000000000,partial_mint_failure,fixed_80,1785842666000,1789154999000,645866000,532665215,712693444,1394886250,9725542,8,30,7,1602379000,3201671000,3958199000,76840,2197496,375843000,
GOOGL,5000000000,partial_mint_failure,fixed_160,1785842666000,1789154999000,645866000,375969928,555998157,791340996,1800694,2,5,1,1360262000,3207914000,3958199000,65304,10372091,375843000,
GOOGL,5000000000,partial_mint_failure,adaptive_width,1785842666000,1789154999000,645866000,749818666,929846895,1658174202,21502159,17,67,16,1834560000,3159702000,3958199000,68852,9558874,375843000,
GOOGL,5000000000,partial_mint_failure,adaptive_economic,1785842666000,1789154999000,645866000,731171113,911199342,1300075515,8220309,7,25,6,2485015000,3169882000,3958199000,68852,9558874,375843000,
GOOGL,1000000000,pinned_fork_costs,fixed_20,1785842666000,1789154999000,645866000,153966437,188710170,1037123238,155655081,1,702,0,367702000,3260193000,3958199000,344836,602833414,375843000,
GOOGL,1000000000,pinned_fork_costs,fixed_40,1785842666000,1789154999000,645866000,254988138,289731871,708655430,46770561,1,210,0,164958000,3266278000,3958199000,167275,328431812,375843000,
GOOGL,1000000000,pinned_fork_costs,fixed_80,1785842666000,1789154999000,645866000,167892506,202636239,401125304,11803581,1,52,0,114873000,3266278000,3958199000,103150,170798043,375843000,
GOOGL,1000000000,pinned_fork_costs,fixed_160,1785842666000,1789154999000,645866000,49145342,83889075,196688130,3172491,1,13,0,500527000,3266278000,3958199000,98093,7071890,375843000,
GOOGL,1000000000,pinned_fork_costs,adaptive_width,1785842666000,1789154999000,645866000,326388457,361132190,685208517,41016501,1,184,0,1678610000,3252794000,3958199000,101622,14101858,375843000,
GOOGL,1000000000,pinned_fork_costs,adaptive_economic,1785842666000,1789154999000,645866000,97070174,131813907,224541775,4500351,1,19,0,1947069000,3252794000,3958199000,101622,14101858,375843000,
GOOGL,1000000000,double_gas_half_fees,fixed_20,1785842666000,1789154999000,645866000,-541694807,-506848627,400805478,311752782,1,703,0,367592000,3260193000,3958199000,560815,590162789,375843000,
GOOGL,1000000000,double_gas_half_fees,fixed_40,1785842666000,1789154999000,645866000,-160932043,-126085863,302204754,93541122,1,210,0,164958000,3266278000,3958199000,227138,323114312,375843000,
GOOGL,1000000000,double_gas_half_fees,fixed_80,1785842666000,1789154999000,645866000,-49989560,-15143380,183649948,23607162,1,52,0,114873000,3266278000,3958199000,120050,168787261,375843000,
GOOGL,1000000000,double_gas_half_fees,fixed_160,1785842666000,1789154999000,645866000,-54048566,-19202386,94251945,6344982,1,13,0,500527000,3266278000,3958199000,101179,7071890,375843000,
GOOGL,1000000000,double_gas_half_fees,adaptive_width,1785842666000,1789154999000,645866000,-52365769,-17519589,134154243,21836682,1,48,0,1668481000,3252794000,3958199000,103863,14101858,375843000,
GOOGL,1000000000,double_gas_half_fees,adaptive_economic,1785842666000,1789154999000,645866000,-57280410,-22434230,63385199,4131882,1,8,0,2651758000,3252794000,3958199000,104794,14101858,375843000,
GOOGL,1000000000,partial_mint_failure,fixed_20,1785842666000,1789154999000,645866000,156645059,191388792,853400352,129351691,101,403,100,313914000,2843265000,3958199000,244299,14546265,375843000,
GOOGL,1000000000,partial_mint_failure,fixed_40,1785842666000,1789154999000,645866000,234326208,269069941,643306752,48243232,38,150,37,177186000,3057658000,3958199000,143743,13207654,375843000,
GOOGL,1000000000,partial_mint_failure,fixed_80,1785842666000,1789154999000,645866000,173371961,208115694,394301233,13134691,11,40,10,116714000,3181607000,3958199000,94693,14116048,375843000,
GOOGL,1000000000,partial_mint_failure,fixed_160,1785842666000,1789154999000,645866000,48825088,83568821,196463653,3527237,3,11,2,500700000,3264323000,3958199000,98093,7071890,375843000,
GOOGL,1000000000,partial_mint_failure,adaptive_width,1785842666000,1789154999000,645866000,240208219,274951952,503448872,27921774,22,87,21,1617487000,3221004000,3958199000,101622,14101858,375843000,
GOOGL,1000000000,partial_mint_failure,adaptive_economic,1785842666000,1789154999000,645866000,106139311,140883044,235123163,5873773,5,18,4,1901476000,3246813000,3958199000,101622,14101858,375843000,
GOOGL,250000000,pinned_fork_costs,fixed_20,1785842666000,1789154999000,645866000,-284653,8414990,361231977,160523901,1,724,0,311340000,3271005000,3958199000,485295,156048902,375843000,
GOOGL,250000000,pinned_fork_costs,fixed_40,1785842666000,1789154999000,645866000,66196580,74896223,222225721,49204971,1,221,0,85529000,3274603000,3958199000,190354,84592635,375843000,
GOOGL,250000000,pinned_fork_costs,fixed_80,1785842666000,1789154999000,645866000,37205240,45904883,112743313,14016681,1,62,0,43634000,3274603000,3958199000,114007,42957538,375843000,
GOOGL,250000000,pinned_fork_costs,fixed_160,1785842666000,1789154999000,645866000,18967134,27666777,57191002,3836421,1,16,0,8472000,3274756000,3958199000,81148,21897374,375843000,
GOOGL,250000000,pinned_fork_costs,adaptive_width,1785842666000,1789154999000,645866000,58965634,67665277,172138153,38139471,1,171,0,320863000,3252515000,3958199000,88356,501495,375843000,
GOOGL,250000000,pinned_fork_costs,adaptive_economic,1785842666000,1789154999000,645866000,11106388,19806031,51005316,5385591,1,23,0,2970453000,3252515000,3958199000,91006,1130054,375843000,
GOOGL,250000000,double_gas_half_fees,fixed_20,1785842666000,1789154999000,645866000,-250377862,-241575772,45243494,185606082,1,418,0,291213000,3271005000,3958199000,1001073,150431634,1344567000,capital_exhausted
GOOGL,250000000,double_gas_half_fees,fixed_40,1785842666000,1789154999000,645866000,-101582555,-92780465,91162030,98409942,1,221,0,85529000,3274603000,3958199000,415757,82118860,375843000,
GOOGL,250000000,double_gas_half_fees,fixed_80,1785842666000,1789154999000,645866000,-34450871,-25648781,51096342,28033362,1,62,0,22642000,3274603000,3958199000,176206,42166680,375843000,
GOOGL,250000000,double_gas_half_fees,fixed_160,1785842666000,1789154999000,645866000,-14082317,-5280227,27196102,7672842,1,16,0,8472000,3274756000,3958199000,95733,21666163,375843000,
GOOGL,250000000,double_gas_half_fees,adaptive_width,1785842666000,1789154999000,645866000,-20623453,-11821363,40319150,21394062,1,47,0,291234000,3252515000,3958199000,100621,1766439,375843000,
GOOGL,250000000,double_gas_half_fees,adaptive_economic,1785842666000,1789154999000,645866000,-26127975,-17325885,285351,590922,1,0,0,3209355000,3252515000,3958199000,134503,1766439,375843000,
GOOGL,250000000,partial_mint_failure,fixed_20,1785842666000,1789154999000,645866000,-606373,8093270,274178730,128067768,100,399,99,226583000,2650503000,3958199000,312887,166581037,375843000,
GOOGL,250000000,partial_mint_failure,fixed_40,1785842666000,1789154999000,645866000,50518690,59218333,196197336,50811078,40,158,39,93074000,2938849000,3958199000,181254,7077373,375843000,
GOOGL,250000000,partial_mint_failure,fixed_80,1785842666000,1789154999000,645866000,39459795,48159438,111840230,15303854,12,48,11,42744000,3224337000,3958199000,109599,43315310,375843000,
GOOGL,250000000,partial_mint_failure,fixed_160,1785842666000,1789154999000,645866000,18714142,27413785,57179987,4368540,4,13,3,14387000,3270717000,3958199000,82357,21898567,375843000,
GOOGL,250000000,partial_mint_failure,adaptive_width,1785842666000,1789154999000,645866000,22136878,30836521,99735558,24070005,19,75,18,406865000,3218076000,3958199000,92345,1144189,375843000,
GOOGL,250000000,partial_mint_failure,adaptive_economic,1785842666000,1789154999000,645866000,21972122,30671765,60770731,5032470,4,16,3,2960360000,3244616000,3958199000,91006,1130054,375843000,
