key,n,available,meanDelta,medianDelta,worstDelta,bestDelta,wins,recenterFills,trimFills,rejections,meanGas,meanFees,maxExposurePpm
500000/30/frozen_session6/1000000/0/guard60,19,19,0,0,0,0,0,0,0,0,0.333297,0.22392826315789477,793091
500000/30/frozen_session6/1000000/0/exit_early,19,19,-0.03589694736842106,0.171238,-1.108612,0.70902,11,0,0,0,0.333297,0.014885894736842107,618325
500000/30/frozen_session6/1000000/0/recenter60,19,19,-0.07255826315789474,0,-0.833873,0.092438,1,3,0,15,0.43388842105263165,0.23910399999999998,793091
500000/30/frozen_session6/1000000/0/trim25,19,19,-0.021003947368421046,-0.063573,-0.523928,1.728567,3,0,13,5,0.5247787894736843,0.3195069473684211,793091
500000/30/frozen_session6/1000000/0/hold80,19,19,0.06155173684210526,0,-2.226485,2.528129,6,0,0,0,0.333297,0.40060131578947367,796827
500000/30/frozen_session6/1000000/600/recenter60,19,19,-0.06162215789473684,0,-0.637172,0.092438,1,3,0,9,0.43388842105263165,0.2335392105263158,793091
500000/30/frozen_session6/500000/0/guard60,19,19,0,0,0,0,0,0,0,0,0.333297,0.11195994736842108,793083
500000/30/frozen_session6/500000/0/exit_early,19,19,0.06859742105263163,0.20828,-0.839247,0.749106,13,0,0,0,0.333297,0.007442473684210527,618319
500000/30/frozen_session6/500000/0/recenter60,19,19,-0.08014684210526316,0,-0.886764,0.001772,1,3,0,15,0.43388842105263165,0.11954768421052633,793083
500000/30/frozen_session6/500000/0/trim25,19,19,-0.06878999999999999,-0.112919,-0.555984,1.375488,3,0,13,5,0.5247787894736843,0.15974757894736843,793083
500000/30/frozen_session6/500000/0/hold80,19,19,-0.026761684210526354,0,-2.227727,2.048601,5,0,0,0,0.333297,0.2002948421052632,796818
500000/30/frozen_session6/500000/600/recenter60,19,19,-0.06643031578947368,0,-0.637798,0.001772,1,3,0,9,0.43388842105263165,0.11676536842105265,793083
500000/30/source_block_54/1000000/0/guard60,19,19,0,0,0,0,0,0,0,0,1.124903,0.22392826315789477,793740
500000/30/source_block_54/1000000/0/exit_early,19,19,-0.03589694736842106,0.171238,-1.108612,0.70902,11,0,0,0,1.124903,0.014885894736842107,618829
500000/30/source_block_54/1000000/0/recenter60,19,19,-0.29282157894736843,0,-2.228874,0,0,3,0,15,1.445757736842105,0.23910399999999998,793740
500000/30/source_block_54/1000000/0/trim25,19,19,-0.49874231578947376,-0.761806,-1.222161,1.030334,1,0,13,5,1.7941231578947363,0.3195069473684211,793740
500000/30/source_block_54/1000000/0/hold80,19,19,0.06155173684210526,0,-2.226485,2.528129,6,0,0,0,1.124903,0.40060131578947367,797487
500000/30/source_block_54/1000000/600/recenter60,19,19,-0.2818854736842105,0,-2.032173,0,0,3,0,9,1.445757736842105,0.2335392105263158,793740
500000/30/source_block_54/500000/0/guard60,19,19,0,0,0,0,0,0,0,0,1.124903,0.11195994736842108,793732
500000/30/source_block_54/500000/0/exit_early,19,19,0.06859742105263163,0.20828,-0.839247,0.749106,13,0,0,0,1.124903,0.007442473684210527,618823
500000/30/source_block_54/500000/0/recenter60,19,19,-0.30041015789473685,0,-2.281765,0,0,3,0,15,1.445757736842105,0.11954768421052633,793732
500000/30/source_block_54/500000/0/trim25,19,19,-0.5465283684210526,-0.811152,-1.254217,0.677255,1,0,13,5,1.7941231578947363,0.15974757894736843,793732
500000/30/source_block_54/500000/0/hold80,19,19,-0.026761684210526354,0,-2.227727,2.048601,5,0,0,0,1.124903,0.2002948421052632,797479
500000/30/source_block_54/500000/600/recenter60,19,19,-0.2866936315789474,0,-2.032799,0,0,3,0,9,1.445757736842105,0.11676536842105265,793732
500000/120/frozen_session6/1000000/0/guard60,17,17,0,0,0,0,0,0,0,0,0.333297,0.3863405882352941,793091
500000/120/frozen_session6/1000000/0/exit_early,17,17,-0.21818241176470585,0.244768,-1.61806,0.70902,11,0,0,0,0.333297,0.012725117647058824,618325
500000/120/frozen_session6/1000000/0/recenter60,17,17,-0.08093811764705883,0,-0.833873,0.092438,1,3,0,13,0.44572270588235297,0.40365623529411765,793091
500000/120/frozen_session6/1000000/0/trim25,17,17,0.06686458823529413,0,-0.691518,1.921875,5,0,12,4,0.5308438235294117,0.5544158823529413,793091
500000/120/frozen_session6/1000000/0/hold80,17,17,0.35107564705882355,0,-1.751465,2.792509,8,0,0,0,0.333297,0.7114380588235294,796827
500000/120/frozen_session6/1000000/600/recenter60,17,17,-0.03476329411764706,0,-0.634513,0.092438,1,3,0,9,0.44572270588235297,0.42113782352941176,793091
500000/120/frozen_session6/500000/0/guard60,17,17,0,0,0,0,0,0,0,0,0.333297,0.19316123529411766,793083
500000/120/frozen_session6/500000/0/exit_early,17,17,-0.031389529411764705,0.301912,-1.172282,0.749106,11,0,0,0,0.333297,0.0063621176470588245,618319
500000/120/frozen_session6/500000/0/recenter60,17,17,-0.08959676470588233,0,-0.886764,0.001772,1,3,0,13,0.44572270588235297,0.2018189411764706,793083
500000/120/frozen_session6/500000/0/trim25,17,17,-0.0171479411764706,0,-0.578462,1.362266,4,0,12,4,0.5308438235294117,0.2771934117647059,793083
500000/120/frozen_session6/500000/0/hold80,17,17,0.18857600000000002,0,-1.767551,2.037754,8,0,0,0,0.333297,0.3557048235294117,796818
500000/120/frozen_session6/500000/600/recenter60,17,17,-0.05216570588235294,0,-0.638153,0.001772,1,3,0,9,0.44572270588235297,0.2105584117647059,793083
500000/120/source_block_54/1000000/0/guard60,17,17,0,0,0,0,0,0,0,0,1.124903,0.3863405882352941,793740
500000/120/source_block_54/1000000/0/exit_early,17,17,-0.21818241176470585,0.244768,-1.61806,0.70902,11,0,0,0,1.124903,0.012725117647058824,618829
500000/120/source_block_54/1000000/0/recenter60,17,17,-0.32711476470588235,0,-2.228874,0,0,3,0,13,1.4835053529411764,0.40365623529411765,793740
500000/120/source_block_54/1000000/0/trim25,17,17,-0.42600576470588236,-0.294873,-1.389751,1.223642,3,0,12,4,1.8153201764705875,0.5544158823529413,793740
500000/120/source_block_54/1000000/0/hold80,17,17,0.35107564705882355,0,-1.751465,2.792509,8,0,0,0,1.124903,0.7114380588235294,797487
500000/120/source_block_54/1000000/600/recenter60,17,17,-0.2809399411764706,0,-2.029514,0,0,3,0,9,1.4835053529411764,0.42113782352941176,793740
500000/120/source_block_54/500000/0/guard60,17,17,0,0,0,0,0,0,0,0,1.124903,0.19316123529411766,793732
500000/120/source_block_54/500000/0/exit_early,17,17,-0.031389529411764705,0.301912,-1.172282,0.749106,11,0,0,0,1.124903,0.0063621176470588245,618823
500000/120/source_block_54/500000/0/recenter60,17,17,-0.3357734117647059,0,-2.281765,0,0,3,0,13,1.4835053529411764,0.2018189411764706,793732
500000/120/source_block_54/500000/0/trim25,17,17,-0.510018294117647,-0.633631,-1.276695,0.664033,2,0,12,4,1.8153201764705875,0.2771934117647059,793732
500000/120/source_block_54/500000/0/hold80,17,17,0.18857600000000002,0,-1.767551,2.037754,8,0,0,0,1.124903,0.3557048235294117,797479
500000/120/source_block_54/500000/600/recenter60,17,17,-0.29834235294117645,0,-2.033154,0,0,3,0,9,1.4835053529411764,0.2105584117647059,793732
550000/30/frozen_session6/1000000/0/guard60,12,12,0,0,0,0,0,0,0,0,0.333297,0.16863416666666667,793159
550000/30/frozen_session6/1000000/0/exit_early,12,12,0.09278816666666667,0.1378255,-0.8947,0.802643,7,0,0,0,0.333297,0.026759333333333333,662575
550000/30/frozen_session6/1000000/0/recenter60,12,12,-0.19639341666666665,0,-0.869857,0,0,3,0,8,0.49256675,0.25380800000000003,796941
550000/30/frozen_session6/1000000/0/trim25,12,12,-0.049373499999999994,-0.090919,-0.663565,1.728567,1,0,7,4,0.4965475,0.26908750000000003,793159
550000/30/frozen_session6/1000000/0/hold80,12,12,0.012633999999999998,0,-1.397097,2.528129,3,0,0,0,0.333297,0.35468125,799706
550000/30/frozen_session6/1000000/600/recenter60,12,12,-0.12488525,0,-0.869857,0,0,2,0,5,0.43947683333333337,0.177233,775187
550000/30/frozen_session6/500000/0/guard60,12,12,0,0,0,0,0,0,0,0,0.333297,0.08431408333333335,793159
550000/30/frozen_session6/500000/0/exit_early,12,12,0.16369466666666665,0.16517949999999998,-0.634159,0.873718,7,0,0,0,0.333297,0.013379166666666666,662569
550000/30/frozen_session6/500000/0/recenter60,12,12,-0.23893299999999998,0,-1.316197,0,0,3,0,8,0.49256675,0.12689950000000003,797051
550000/30/frozen_session6/500000/0/trim25,12,12,-0.09957575000000002,-0.0903575,-0.947539,1.375488,1,0,7,4,0.4965475,0.13453933333333332,793159
550000/30/frozen_session6/500000/0/hold80,12,12,-0.08034216666666665,0,-1.413198,2.048601,3,0,0,0,0.333297,0.17733583333333336,799709
550000/30/frozen_session6/500000/600/recenter60,12,12,-0.12917791666666667,0,-0.921265,0,0,2,0,5,0.43947683333333337,0.08861325000000002,775178
550000/30/source_block_54/1000000/0/guard60,12,12,0,0,0,0,0,0,0,0,1.124903,0.16863416666666667,793818
550000/30/source_block_54/1000000/0/exit_early,12,12,0.09278816666666667,0.1378255,-0.8947,0.802643,7,0,0,0,1.124903,0.026759333333333333,663114
550000/30/source_block_54/1000000/0/recenter60,12,12,-0.5451436666666666,0,-2.264858,0,0,3,0,8,1.632923,0.25380800000000003,798779
550000/30/source_block_54/1000000/0/trim25,12,12,-0.45667608333333337,-0.4400355,-1.361798,1.030334,1,0,7,4,1.695456083333333,0.26908750000000003,793818
550000/30/source_block_54/1000000/0/hold80,12,12,-0.0023894166666666994,0,-1.397097,2.528129,3,0,0,0,1.124903,0.35468125,800373
550000/30/source_block_54/1000000/600/recenter60,12,12,-0.3573854166666666,0,-2.264858,0,0,2,0,5,1.4635829999999999,0.177233,775829
550000/30/source_block_54/500000/0/guard60,12,12,0,0,0,0,0,0,0,0,1.124903,0.08431408333333335,793818
550000/30/source_block_54/500000/0/exit_early,12,12,0.16369466666666665,0.16517949999999998,-0.634159,0.873718,7,0,0,0,1.124903,0.013379166666666666,663109
550000/30/source_block_54/500000/0/recenter60,12,12,-0.58768325,0,-2.711198,0,0,3,0,8,1.632923,0.12689950000000003,798891
550000/30/source_block_54/500000/0/trim25,12,12,-0.5068783333333333,-0.439474,-1.645772,0.677255,1,0,7,4,1.695456083333333,0.13453933333333332,793818
550000/30/source_block_54/500000/0/hold80,12,12,-0.09536441666666666,0,-1.413198,2.048601,3,0,0,0,1.124903,0.17733583333333336,800376
550000/30/source_block_54/500000/600/recenter60,12,12,-0.36167808333333334,0,-2.316266,0,0,2,0,5,1.4635829999999999,0.08861325000000002,775821
550000/120/frozen_session6/1000000/0/guard60,10,10,0,0,0,0,0,0,0,0,0.333297,0.231655,775187
550000/120/frozen_session6/1000000/0/exit_early,10,10,-0.0024919000000000026,0.1378255,-1.452218,0.646143,7,0,0,0,0.333297,0.030467100000000004,662575
550000/120/frozen_session6/1000000/0/recenter60,10,10,-0.0038144,0,-0.038144,0,0,1,0,8,0.3970049,0.2757768,775187
550000/120/frozen_session6/1000000/0/trim25,10,10,0.21017039999999998,0,-0.645214,1.921875,3,0,6,3,0.5012118,0.42111219999999994,662575
550000/120/frozen_session6/1000000/0/hold80,10,10,0.3872349,0.015988,-1.751465,2.792509,5,0,0,0,0.333297,0.5634429000000001,796827
550000/120/frozen_session6/1000000/600/recenter60,10,10,-0.0037282999999999995,0,-0.037283,0,0,1,0,5,0.3970049,0.2757765,775187
550000/120/frozen_session6/500000/0/guard60,10,10,0,0,0,0,0,0,0,0,0.333297,0.11582300000000004,775178
550000/120/frozen_session6/500000/0/exit_early,10,10,0.09806619999999999,0.169497,-0.994258,0.682306,7,0,0,0,0.333297,0.015233,662569
550000/120/frozen_session6/500000/0/recenter60,10,10,-0.025874599999999998,0,-0.258746,0,0,1,0,8,0.3970049,0.13788160000000002,775178
550000/120/frozen_session6/500000/0/trim25,10,10,0.11544780000000002,0,-0.530907,1.362266,3,0,6,3,0.5012118,0.2105449,662569
550000/120/frozen_session6/500000/0/hold80,10,10,0.2213662,0.010187,-1.767551,2.037754,5,0,0,0,0.333297,0.281711,796820
550000/120/frozen_session6/500000/600/recenter60,10,10,-0.025788299999999997,0,-0.257883,0,0,1,0,5,0.3970049,0.13788150000000002,775178
550000/120/source_block_54/1000000/0/guard60,10,10,0,0,0,0,0,0,0,0,1.124903,0.231655,775829
550000/120/source_block_54/1000000/0/exit_early,10,10,-0.0024919000000000026,0.1378255,-1.452218,0.646143,7,0,0,0,1.124903,0.030467100000000004,663114
550000/120/source_block_54/1000000/0/recenter60,10,10,-0.14331449999999998,0,-1.433145,0,0,1,0,8,1.3281109999999998,0.2757768,775829
550000/120/source_block_54/1000000/0/trim25,10,10,-0.2087694,0,-1.343447,1.223642,2,0,6,3,1.7117575999999997,0.42111219999999994,663114
550000/120/source_block_54/1000000/0/hold80,10,10,0.3872349,0.015988,-1.751465,2.792509,5,0,0,0,1.124903,0.5634429000000001,797487
550000/120/source_block_54/1000000/600/recenter60,10,10,-0.14322839999999998,0,-1.432284,0,0,1,0,5,1.3281109999999998,0.2757765,775829
550000/120/source_block_54/500000/0/guard60,10,10,0,0,0,0,0,0,0,0,1.124903,0.11582300000000004,775821
550000/120/source_block_54/500000/0/exit_early,10,10,0.09806619999999999,0.169497,-0.994258,0.682306,7,0,0,0,1.124903,0.015233,663109
550000/120/source_block_54/500000/0/recenter60,10,10,-0.1653747,0,-1.653747,0,0,1,0,8,1.3281109999999998,0.13788160000000002,775821
550000/120/source_block_54/500000/0/trim25,10,10,-0.30349200000000004,-0.0156575,-1.22914,0.664033,1,0,6,3,1.7117575999999997,0.2105449,663109
550000/120/source_block_54/500000/0/hold80,10,10,0.2213662,0.010187,-1.767551,2.037754,5,0,0,0,1.124903,0.281711,797481
550000/120/source_block_54/500000/600/recenter60,10,10,-0.1652884,0,-1.652884,0,0,1,0,5,1.3281109999999998,0.13788150000000002,775821
