session,group,entryAt,holdingMinutes,pnl,alpha,fees,gas,entryDrag,exitDrag,entryAllocationPpm,entryExposurePpm,signalExposurePpm,maxExposurePpm,signalTick,lower,upper,inventorySignalInside,exitDelaySeconds,thresholdTick,ticksFromEntryTo60,thresholdBeforeBoundary
5,chain,2026-09-08T09:01:35.000Z,79.85,43983,-900527,795260,869274,166997,1949,796283,334018,3887,526898,221863,221880,221920,,308,221910,14,True
6,chain,2026-09-08T11:59:46.000Z,60.38333333333333,-76573,-873909,489336,835229,204972,33918,732364,409034,67817,461272,221841,221850,221890,,307,221880,12,True
7,inventory,2026-09-08T13:12:25.000Z,23.683333333333334,-4830779,-1860213,1132089,816984,214047,399925,793051,427400,698136,698136,221855,221820,221860,True,62,221851,10,True
8,risk_reference,2026-09-08T14:25:17.000Z,44.983333333333334,-2264492,-990053,55680,854380,169147,195527,392079,338770,391240,392503,222042,221980,222020,,60,,,False
9,risk_reference,2026-09-08T15:23:32.000Z,9.25,-875570,-768525,104200,815510,215044,176922,524335,431670,,431670,222064,222040,222080,,62,,,False
10,inventory,2026-09-08T15:46:05.000Z,4.116666666666666,-1961463,-1015045,105648,822428,236919,325087,652309,476097,630369,630369,222078,222040,222080,True,62,222077,8,True
11,inventory,2026-09-08T16:04:32.000Z,13.366666666666667,-1483195,-642315,624730,835638,163080,321596,774529,329658,703925,703925,222106,222070,222110,True,61,222101,15,True
12,chain,2026-09-08T16:30:11.000Z,114.58333333333333,959640,1363130,2251946,821152,177136,202046,793265,357587,444297,581372,222112,222090,222130,,305,222120,13,True
13,inventory,2026-09-08T18:37:02.000Z,19.45,-893080,-237895,814347,823409,169250,269253,783590,341465,719974,719974,222125,222090,222130,True,428,222120,14,True
14,chain,2026-09-08T19:08:45.000Z,10.283333333333333,-1798884,-953730,158236,814757,234145,335841,798548,472769,529273,691650,222126,222100,222140,,431,222130,7,True
15,chain,2026-09-08T19:31:20.000Z,8.2,-674641,-798882,114867,832751,213557,111475,724501,431859,229884,431859,222122,222110,222150,,306,222144,11,True
16,inventory,2026-09-08T19:53:55.000Z,2.066666666666667,-1445783,-798542,196650,814751,219022,281014,746600,443097,717435,717435,222145,222110,222150,True,62,222140,10,True
17,chain,2026-09-08T20:10:19.000Z,15.383333333333333,-1156040,-733732,170684,824001,196750,217735,777570,398944,437367,445595,222121,222100,222140,,307,222130,11,True
18,risk_reference,2026-09-08T20:38:00.000Z,55.266666666666666,-807538,-490197,426180,824051,246502,232715,790983,500046,465982,510803,222123,222100,222140,,60,222131,6,True
19,chain,2026-09-08T21:45:36.000Z,134.01666666666668,-1695832,-789042,1120117,2193784,167979,226037,797105,342502,439196,448858,222131,222110,222150,,431,222140,14,True
20,risk_reference,2026-09-09T00:11:52.000Z,35.95,-1197715,-759538,146833,799487,224342,241543,793482,456562,493753,538478,222124,222100,222140,,61,222130,8,True
21,risk_reference,2026-09-09T01:01:08.000Z,75.95,-247013,-170494,687886,780060,236636,175974,790512,481823,348481,504107,222107,222090,222130,,61,222120,7,True
22,risk_reference,2026-09-09T02:29:27.000Z,18.466666666666665,-791378,-629992,158177,758835,184275,143654,792243,375571,331598,381446,222106,222090,222130,,63,222121,13,True
23,inventory,2026-09-09T03:00:12.000Z,51.166666666666664,-1467567,-790373,179092,759481,241576,303742,797143,492268,600465,600465,222109,222080,222120,True,124,222110,6,True
24,risk_reference,2026-09-09T04:03:38.000Z,61.55,-814029,-514496,262074,745344,156345,160704,783352,319521,330548,402865,222106,222090,222130,,61,222121,15,True
25,chain,2026-09-09T05:17:28.000Z,12.35,-1083820,-762422,24794,739786,167908,175367,799092,343428,356700,357594,222107,222090,222130,,309,222121,14,True
26,chain,2026-09-09T05:42:06.000Z,83.96666666666667,-13030,226588,993474,729369,179328,161674,782767,367153,325877,396369,222105,222090,222130,,306,222120,13,True
27,operator,2026-09-09T07:19:21.000Z,54.166666666666664,-439597,-384209,341620,706897,161666,92877,796104,331101,188234,335907,222099,222090,222130,,184,222121,15,True
28,chain,2026-09-09T08:25:48.000Z,17.45,-1000333,-600811,200488,700337,195325,216595,797576,399810,314357,453662,222095,222080,222120,,431,222110,11,True
29,inventory,2026-09-09T08:55:33.000Z,36.93333333333333,-1517613,-765942,191703,692622,244240,322092,792012,500350,662537,662537,222113,222080,222120,True,434,222111,6,True
30,inventory,2026-09-09T09:44:49.000Z,12.316666666666666,-2400367,-1268478,202024,676116,179846,388893,795357,369695,618294,618294,222141,222110,222150,True,124,222141,13,True
31,chain,2026-09-09T10:09:27.000Z,192.48333333333332,1809354,1992185,2698254,656433,184899,155040,797175,380780,169696,480732,222168,222160,222200,,428,222190,12,True
32,chain,2026-09-09T13:34:13.000Z,13.35,-852121,-507607,300406,727158,218170,216973,512284,446577,288378,461535,222126,222140,222180,,307,222165,13,True
33,inventory,2026-09-09T14:00:55.000Z,2.033333333333333,-3032631,-1401630,99258,677979,216045,345119,704361,443294,704848,704848,222184,222140,222180,False,60,222175,10,True
34,inventory,2026-09-09T14:16:19.000Z,6.1,-1846535,-911442,162282,636450,197499,332723,687289,407271,654283,654283,222208,222170,222210,True,61,222205,12,True
35,inventory,2026-09-09T14:34:40.000Z,4.066666666666666,-2044658,-1077099,177985,628848,157523,327886,674583,325298,674927,674927,222181,222140,222180,False,61,222176,17,True
36,chain,2026-09-09T14:50:59.000Z,23.566666666666666,-1017836,-352465,624004,635223,150348,278472,775710,311577,360548,565882,222178,222160,222200,,307,222191,15,True
37,risk_reference,2026-09-09T15:26:48.000Z,6.133333333333334,-56353,-542509,335744,623191,237490,69861,788758,492590,,493985,222198,222190,222230,,59,222221,7,True
38,chain,2026-09-09T15:45:15.000Z,25.65,-891754,-499463,266695,635509,225380,238076,778893,467162,333087,485117,222186,222170,222210,,491,222200,8,True
39,chain,2026-09-09T16:24:13.000Z,22.633333333333333,-9453,-63412,637926,641784,172812,81545,773048,359376,179861,360520,222197,222190,222230,,308,222220,13,True
40,chain,2026-09-09T16:59:10.000Z,99.45,-114851,258111,985919,620814,192191,210963,795450,399353,431296,498851,222191,222170,222210,,311,222201,11,True
41,chain,2026-09-09T18:59:08.000Z,20.516666666666666,-120856,-179940,496050,627986,151751,52637,780148,315935,344876,491172,222207,222190,222230,,368,222221,15,True
42,risk_reference,2026-09-09T19:33:02.000Z,258.96666666666664,-1890540,-728014,482250,590646,163215,279280,580567,338250,580325,580348,222220,222170,222210,,61,,,False
43,inventory,2026-09-10T00:04:18.000Z,17.416666666666668,-1455306,-716730,146515,562658,221933,311706,787407,461351,600115,600115,222220,222190,222230,True,122,222221,8,True
44,chain,2026-09-10T00:34:03.000Z,27.716666666666665,-1041752,-608551,98616,564616,168624,216782,799018,351761,467396,473105,222233,222210,222250,,248,222240,13,True
45,inventory,2026-09-10T01:14:01.000Z,16.433333333333334,-1502950,-678090,218540,547668,209254,314230,692836,436339,643051,643051,222247,222210,222250,True,60,222245,10,True
46,chain,2026-09-10T01:43:46.000Z,178.05,401524,100374,809996,530255,169422,22650,752896,354571,47410,354571,222239,222240,222280,,305,222270,14,True
47,chain,2026-09-10T04:54:08.000Z,20.583333333333332,-590186,-483410,106442,513108,189042,148392,744306,395145,344374,395145,222235,222220,222260,,309,222250,12,True
48,inventory,2026-09-10T05:27:03.000Z,55.333333333333336,-1834781,-810827,240271,509171,219978,376709,795960,459779,765781,765781,222248,222210,222250,True,122,222241,8,True
49,chain,2026-09-10T06:34:43.000Z,25.583333333333332,-366742,-497818,114108,505795,182259,81473,769333,382161,184857,391209,222239,222230,222270,,493,222262,13,True
50,inventory,2026-09-10T07:12:39.000Z,21.466666666666665,-1383416,-650806,185982,482345,194550,306762,795336,407765,659078,659078,222253,222220,222260,True,62,222251,11,True
51,inventory,2026-09-10T07:50:29.000Z,11.283333333333333,-1241851,-583010,175008,474940,212807,295119,797468,446575,659016,659016,222253,222220,222260,True,63,222251,9,True
52,inventory,2026-09-10T08:14:00.000Z,214.1,-690402,395049,1538036,473523,197119,380414,737418,414411,612591,612591,222259,222230,222270,True,62,222260,11,True
53,inventory,2026-09-10T12:00:23.000Z,5.15,-1233888,-586746,132311,440116,238539,306416,796563,500339,646369,646369,222282,222250,222290,True,62,222281,6,True
54,inventory,2026-09-10T12:17:53.000Z,16.416666666666668,-2242783,-1093850,550833,895713,182701,341995,715574,384234,690906,690906,222298,222260,222300,True,124,222294,13,True
