symbol,budget,scenario,name,allInInitialQuote,allInTerminalQuote,netPnlQuote,alphaQuote,feesQuote,gasPaidQuote,totalGasWithExitQuote,entries,recenters,recenterAttempts,partialFailures,gasBudgetStop,closedAt,outsideMs,holdingMs,averageRiskyExposurePpm,feesAbove10PercentExistingQuote,unavailableMarks,invalid,terminalExecutable
AAPL,all_in_250,receipt_median,fixed_20,250000000,249506753,-493247,-4977042,16471472,9858804,9858804,3,41,43,0,gas_budget,1788181974000,1406000,125646000,64050,0,0,,True
AAPL,all_in_250,receipt_median,fixed_80,250000000,288321461,38321461,33837666,60768511,7815073,7946878,1,35,35,0,,,1037000,1102144000,513349,0,0,,True
AAPL,all_in_250,receipt_median,fixed_160,250000000,270205276,20205276,15721481,31427659,2594689,2726494,1,11,11,0,,,148000,1105390000,413454,0,0,,True
AAPL,all_in_250,receipt_median,adaptive_economic,250000000,270154232,20154232,15670437,31432197,1724625,1856430,1,7,7,0,,,948087000,1105966000,548269,0,0,,True
AAPL,all_in_250,receipt_p90_delay,fixed_20,250000000,245418424,-4581576,-8982440,11037448,9936265,9936265,6,28,33,3,gas_budget,1788181974000,1273000,99763000,67269,22339,0,,True
AAPL,all_in_250,receipt_p90_delay,fixed_80,250000000,282557055,32557055,28156191,47829951,7921180,8221240,5,22,26,4,,,305000,1078898000,587625,0,0,,True
AAPL,all_in_250,receipt_p90_delay,fixed_160,250000000,267455144,17455144,13054280,28107152,3079389,3379449,1,11,11,0,,,148000,1096419000,413964,0,0,,True
AAPL,all_in_250,receipt_p90_delay,adaptive_economic,250000000,265403732,15403732,11002868,22825467,2549788,2849848,2,7,8,1,,,978125000,1098463000,573026,0,0,,True
AAPL,all_in_250,double_gas_half_fees,fixed_20,250000000,240782827,-9217173,-13588792,2808579,9975106,9975106,2,20,21,0,gas_budget,1788090802000,487000,38704000,18905,0,0,,True
AAPL,all_in_250,double_gas_half_fees,fixed_80,250000000,250420980,420980,-3950639,24124840,9803308,9803308,1,21,21,0,gas_budget,1788979359000,858000,928426000,458194,0,0,,True
AAPL,all_in_250,double_gas_half_fees,fixed_160,250000000,251782249,1782249,-2589370,15306912,5189378,5452988,1,11,11,0,,,148000,1105390000,415285,0,0,,True
AAPL,all_in_250,double_gas_half_fees,adaptive_economic,250000000,258237919,8237919,3866300,8579388,404026,667636,1,0,0,0,,,972814000,1106893000,358044,0,0,,True
AAPL,250_plus_gas,receipt_median,fixed_20,250000000,282227544,32227544,27552461,158862450,69721367,69853172,39,254,292,21,,,5374000,1035552000,583608,0,0,,True
AAPL,250_plus_gas,receipt_median,fixed_80,250000000,290212709,40212709,35537626,63267442,7815073,7946878,1,35,35,0,,,1037000,1102144000,513089,0,0,,True
AAPL,250_plus_gas,receipt_median,fixed_160,250000000,271157687,21157687,16482604,32737422,2594689,2726494,1,11,11,0,,,148000,1105390000,413418,0,0,,True
AAPL,250_plus_gas,receipt_median,adaptive_economic,250000000,269790870,19790870,15115787,31491581,1810524,1942329,2,6,7,0,,,948044000,1105310000,547484,0,0,,True
AAPL,250_plus_gas,receipt_p90_delay,fixed_20,250000000,250300604,300604,-4291548,92899234,63593852,63893912,47,155,202,45,,,4874000,878542000,554208,23202,0,,True
AAPL,250_plus_gas,receipt_p90_delay,fixed_80,250000000,284248891,34248891,29656739,49822376,7921180,8221240,5,22,26,4,,,305000,1078898000,587352,0,0,,True
AAPL,250_plus_gas,receipt_p90_delay,fixed_160,250000000,268319211,18319211,13727059,29275880,3079389,3379449,1,11,11,0,,,148000,1096419000,413904,0,0,,True
AAPL,250_plus_gas,receipt_p90_delay,adaptive_economic,250000000,262545713,12545713,7953561,25384482,2277972,2578032,3,4,6,2,,,946836000,1099668000,631037,0,0,,True
AAPL,250_plus_gas,double_gas_half_fees,fixed_20,250000000,131950989,-118049011,-122611918,69690830,139442734,139706344,39,254,292,21,,,5374000,1035552000,729699,0,0,,True
AAPL,250_plus_gas,double_gas_half_fees,fixed_80,250000000,250323289,323289,-4239618,29987921,15630146,15893756,1,35,35,0,,,1037000,1102144000,520294,0,0,,True
AAPL,250_plus_gas,double_gas_half_fees,fixed_160,250000000,252080815,2080815,-2482092,15944932,5189378,5452988,1,11,11,0,,,148000,1105390000,415157,0,0,,True
AAPL,250_plus_gas,double_gas_half_fees,adaptive_economic,250000000,258602654,8602654,4039747,8934303,404026,667636,1,0,0,0,,,972814000,1106893000,357754,0,0,,True
QQQ,all_in_250,receipt_median,fixed_20,250000000,274061204,24061204,24699319,38862771,9921963,9921963,8,33,40,2,gas_budget,1788226883000,1450000,167590000,96005,11473894,0,,True
QQQ,all_in_250,receipt_median,fixed_80,250000000,300490556,50490556,51128671,60015295,2608909,2741743,1,11,11,0,,,1546000,1104790000,498727,0,0,,True
QQQ,all_in_250,receipt_median,fixed_160,250000000,272618578,22618578,23256693,27491311,859181,992015,1,3,3,0,,,11000,1106470000,474855,0,0,,True
QQQ,all_in_250,receipt_median,adaptive_economic,250000000,301389438,51389438,52027553,58804158,3030658,3163492,2,11,12,1,,,945036000,1104586000,298787,3547762,0,,True
QQQ,all_in_250,receipt_p90_delay,fixed_20,250000000,254834825,4834825,5556626,20298251,9795103,9795103,8,24,31,4,gas_budget,1788253397000,995000,171756000,110067,3721738,0,,True
QQQ,all_in_250,receipt_p90_delay,fixed_80,250000000,298160574,48160574,48882375,57320522,3096262,3398664,1,11,11,0,,,1546000,1096016000,505791,0,0,,True
QQQ,all_in_250,receipt_p90_delay,fixed_160,250000000,273567230,23567230,24289031,28885105,1022606,1325008,1,3,3,0,,,11000,1104025000,484223,0,0,,True
QQQ,all_in_250,receipt_p90_delay,adaptive_economic,250000000,278745948,28745948,29467749,37590429,3600454,3902856,2,11,12,1,,,948657000,1094783000,178702,856439,0,,True
QQQ,all_in_250,double_gas_half_fees,fixed_20,250000000,250704219,704219,1455526,12703273,9734122,9734122,4,16,19,1,gas_budget,1788136728000,1130000,83365000,48762,4020943,0,,True
QQQ,all_in_250,double_gas_half_fees,fixed_80,250000000,266876150,16876150,17627457,28742531,5217818,5483486,1,11,11,0,,,1546000,1104790000,501988,0,0,,True
QQQ,all_in_250,double_gas_half_fees,fixed_160,250000000,257779494,7779494,8530801,13534446,1718362,1984030,1,3,3,0,,,11000,1106470000,475841,0,0,,True
QQQ,all_in_250,double_gas_half_fees,adaptive_economic,250000000,253813690,3813690,4564997,6964336,843498,1109166,1,1,1,0,,,998547000,1106750000,894936,0,0,,True
QQQ,250_plus_gas,receipt_median,fixed_20,250000000,354246538,104246538,104907157,158802844,29294971,29427805,11,118,128,2,,,7889000,1079908000,512718,13079074,0,,True
QQQ,250_plus_gas,receipt_median,fixed_80,250000000,302647657,52647657,53308276,62454566,2608909,2741743,1,11,11,0,,,1546000,1104790000,498593,187318,0,,True
QQQ,250_plus_gas,receipt_median,fixed_160,250000000,273580157,23580157,24240776,28612805,859181,992015,1,3,3,0,,,11000,1106470000,474760,0,0,,True
QQQ,250_plus_gas,receipt_median,adaptive_economic,250000000,294285664,44285664,44946283,51763717,3030658,3163492,2,11,12,1,,,945487000,1104590000,299051,3668095,0,,True
QQQ,250_plus_gas,receipt_p90_delay,fixed_20,250000000,299118169,49118169,49862474,98378312,29808865,30111267,14,92,105,8,,,7201000,998703000,540997,4539905,0,,True
QQQ,250_plus_gas,receipt_p90_delay,fixed_80,250000000,300227565,50227565,50971870,59627368,3096262,3398664,1,11,11,0,,,1546000,1096016000,505637,188080,0,,True
QQQ,250_plus_gas,receipt_p90_delay,fixed_160,250000000,274578310,24578310,25322615,30060703,1022606,1325008,1,3,3,0,,,11000,1104025000,484116,0,0,,True
QQQ,250_plus_gas,receipt_p90_delay,adaptive_economic,250000000,274309639,24309639,25053944,33930812,3859661,4162063,2,12,13,1,,,947813000,1093840000,166286,990019,0,,True
QQQ,250_plus_gas,double_gas_half_fees,fixed_20,250000000,239764705,-10235295,-9461484,70107007,58589950,58855618,11,118,128,2,,,7889000,1079908000,559361,5993291,0,,True
QQQ,250_plus_gas,double_gas_half_fees,fixed_80,250000000,267779434,17779434,18553245,29911861,5217818,5483486,1,11,11,0,,,1546000,1104790000,501710,93109,0,,True
QQQ,250_plus_gas,double_gas_half_fees,fixed_160,250000000,258176268,8176268,8950079,14086688,1718362,1984030,1,3,3,0,,,11000,1106470000,475702,0,0,,True
QQQ,250_plus_gas,double_gas_half_fees,adaptive_economic,250000000,253426614,3426614,4200425,7121903,1280930,1546598,1,2,2,0,,,809533000,1106626000,811651,0,0,,True
NVDA,all_in_250,receipt_median,fixed_20,250000000,248772628,-1227372,-862364,16956511,9850644,9850644,4,41,44,2,gas_budget,1788263820000,366000,207983000,100708,0,0,,True
NVDA,all_in_250,receipt_median,fixed_80,250000000,253806879,3806879,4171887,29880558,6977553,7115049,1,33,33,0,,,244000,1102669000,463472,0,0,,True
NVDA,all_in_250,receipt_median,fixed_160,250000000,254562582,4562582,4927590,15482591,1839103,1976599,1,8,8,0,,,75000,1105877000,497625,0,0,,True
NVDA,all_in_250,receipt_median,adaptive_economic,250000000,261778746,11778746,12143754,12472207,194799,332295,1,0,0,0,,,969366000,1106895000,229185,0,0,,True
NVDA,all_in_250,receipt_p90_delay,fixed_20,250000000,246064612,-3935388,-3487806,12391007,9988265,9988265,8,25,32,7,gas_budget,1788266145000,268000,182680000,112365,0,0,,True
NVDA,all_in_250,receipt_p90_delay,fixed_80,250000000,252002603,2002603,2450185,24680657,8273487,8586504,1,33,33,0,,,244000,1075727000,510359,0,0,,True
NVDA,all_in_250,receipt_p90_delay,fixed_160,250000000,253677262,3677262,4124844,14030350,2183762,2496779,1,8,8,0,,,75000,1099334000,510470,0,0,,True
NVDA,all_in_250,receipt_p90_delay,adaptive_economic,250000000,261471686,11471686,11919268,12380127,235050,548067,1,0,0,0,,,969366000,1106859000,227566,0,0,,True
NVDA,all_in_250,double_gas_half_fees,fixed_20,250000000,241072196,-8927804,-8451029,4407605,9856942,9856942,3,19,21,1,gas_budget,1788187903000,170000,135720000,66662,0,0,,True
NVDA,all_in_250,double_gas_half_fees,fixed_80,250000000,242812000,-7188000,-6711225,8891729,9708262,9708262,1,22,22,0,gas_budget,1788534169000,186000,483272000,214386,0,0,,True
NVDA,all_in_250,double_gas_half_fees,fixed_160,250000000,244889979,-5110021,-4633246,7641617,3678206,3953198,1,8,8,0,,,75000,1105877000,499584,0,0,,True
NVDA,all_in_250,double_gas_half_fees,adaptive_economic,250000000,252390471,2390471,2867246,3318644,389598,664590,1,0,0,0,,,681512000,1106895000,208920,0,0,,True
NVDA,250_plus_gas,receipt_median,fixed_20,250000000,233904150,-16095850,-15720283,102015206,59530431,59667927,20,255,274,12,,,2226000,1057853000,555744,0,0,,True
NVDA,250_plus_gas,receipt_median,fixed_80,250000000,254261427,4261427,4636994,31125130,6977553,7115049,1,33,33,0,,,244000,1102669000,463164,0,0,,True
NVDA,250_plus_gas,receipt_median,fixed_160,250000000,254834843,4834843,5210410,16127618,1839103,1976599,1,8,8,0,,,75000,1105877000,497552,0,0,,True
NVDA,250_plus_gas,receipt_median,adaptive_economic,250000000,262282472,12282472,12658039,12990983,194799,332295,1,0,0,0,,,969366000,1106895000,229170,0,0,,True
NVDA,250_plus_gas,receipt_p90_delay,fixed_20,250000000,231524867,-18475133,-18016992,66657533,52724629,53037646,45,129,173,43,,,1430000,911651000,542950,0,0,,True
NVDA,250_plus_gas,receipt_p90_delay,fixed_80,250000000,252443400,2443400,2901541,25708717,8273487,8586504,1,33,33,0,,,244000,1075727000,509946,0,0,,True
NVDA,250_plus_gas,receipt_p90_delay,fixed_160,250000000,253934350,3934350,4392491,14614861,2183762,2496779,1,8,8,0,,,75000,1099334000,510382,0,0,,True
NVDA,250_plus_gas,receipt_p90_delay,adaptive_economic,250000000,261971618,11971618,12429759,12895076,235050,548067,1,0,0,0,,,969366000,1106859000,227549,0,0,,True
NVDA,250_plus_gas,double_gas_half_fees,fixed_20,250000000,124243611,-125756389,-125269055,46452134,119060862,119335854,20,255,274,12,,,2226000,1057853000,672567,0,0,,True
NVDA,250_plus_gas,double_gas_half_fees,fixed_80,250000000,231655635,-18344365,-17857031,15115972,13955106,14230098,1,33,33,0,,,244000,1102669000,471295,0,0,,True
NVDA,250_plus_gas,double_gas_half_fees,fixed_160,250000000,244841618,-5158382,-4671048,7959978,3678206,3953198,1,8,8,0,,,75000,1105877000,499433,0,0,,True
NVDA,250_plus_gas,double_gas_half_fees,adaptive_economic,250000000,252517728,2517728,3005062,3456890,389598,664590,1,0,0,0,,,681512000,1106895000,208906,0,0,,True
