symbol,pool,fee,spacing,capacityPass,replayCompatible,referenceEligible,reasons,referenceReasons,buyShortfallPpm,sellShortfallPpm,testedHalfWidths
NOW,0x00ed6c6954edf77ffa945696f1eacf08edcc8d3a,10000,200,False,False,,,,997523,997523,200;200
F,0x01948e834623aa859ffdc0d299dd15e7c9d7486f,10000,200,False,False,,,,10227,10227,200;200
USO,0x02175608f1b5e6b5ed221ccfdc7be197d111d915,3000,60,True,False,True,,,3004,3004,120;180
AXTI,0x0340bfc46e756f1dcc309ae43b78456885309c09,10000,200,False,False,,zero_active_liquidity,,,,
P,0x0425c69694c9357b6f2daeb9897795fcd9c6e6cb,10000,200,False,False,,zero_active_liquidity,,,,
USAR,0x04391780f519b7d3ba59c9590459d76e23d225c4,3000,60,True,False,False,,oracle_feed_missing;paper_equity_oracle_missing,3613,3613,120;180
IBM,0x05261191bc75f7bd572996bd03eaa9a26547c3c2,100,1,False,False,,zero_active_liquidity,,,,
TE,0x05346c2c9378a97304f192f90fe7b23edd253067,10000,200,False,False,,zero_active_liquidity,,,,
SOXX,0x0663e66c880e27a5ce3c4c25234ab64ead7dff67,3000,60,True,False,False,,oracle_feed_missing;paper_equity_oracle_missing,3635,3636,120;180
NET,0x06abd56348164c673058dd5750812b059c054ca5,10000,200,False,False,,,,12224,12224,200;200
MRVL,0x06cc0b96be1fa1d754ce2e1228f5d8c616f795b0,10000,200,False,False,,,,10849,10849,200;200
AAOI,0x078c1690865964838ae346077046750846a552d1,10000,200,False,False,,,,995235,997468,200;200
INDA,0x07c3a3a6eeb2f122493f32418fbf136403608cb8,500,10,False,True,,zero_active_liquidity,,,,
TSM,0x07e8ea83d4c1340774c8965125e26e12bf943bf1,10000,200,False,False,,,,10054,10054,200;200
TTWO,0x0889178e5cf9408ead5d0d1e8c6ff29e113388af,10000,200,False,False,,zero_active_liquidity,,,,
GME,0x0a0675689c2ad2a3ade86539bcbd27b6c0764e9d,3000,60,True,False,True,,,3167,3167,120;180
COST,0x0a2121a50a09ed0796ae81f9c53ff9398355a398,3000,60,True,False,False,,oracle_feed_missing;paper_equity_oracle_missing,3005,3005,120;180
WDC,0x0af0268a314362fe321bdb0539aac9a1fba119fd,10000,200,False,False,,zero_active_liquidity,,,,
PL,0x0b5de42992cc18bfe63e62f6866c7e6b32cc3c9a,10000,200,False,False,,zero_active_liquidity,,,,
WULF,0x0c72e22d7a3ef8bb845478e5d77aec87789defc6,10000,200,False,False,,,,23608,23608,200;200
IREN,0x0dbe9eeea89c6ef5cd2ffcdf800e6f2548524cdb,10000,200,False,False,,zero_active_liquidity,,,,
NBIS,0x0dda7c6a2cce72abbfa88394afe407ff98417448,10000,200,False,False,,zero_active_liquidity,,,,
NU,0x0e3faed512e7909758eb924e6919e0057bd6b45e,3000,60,True,False,False,,oracle_feed_missing;paper_equity_oracle_missing,3938,3938,120;180
SNAP,0x0ebd4650c9e641e9745b5a508a2d46935dfe753e,3000,60,True,False,False,,oracle_feed_missing;paper_equity_oracle_missing,3106,3106,120;180
FIG,0x0f0e07a687d3210a3b9b5c40c11bce39b2674517,10000,200,False,False,,zero_active_liquidity,,,,
LULU,0x0f4227d27082b3bca6818381b9ea6460275e49f4,3000,60,True,False,False,,oracle_feed_missing;paper_equity_oracle_missing,3022,3022,120;180
SLV,0x0fa7bc480885dcf58ad2ef63ec7289cf2481d51c,10000,200,False,False,,,,11187,11187,200;200
PENG,0x10508f818e05193efd10a5ad360441067892551f,10000,200,False,False,,zero_active_liquidity,,,,
META,0x107a7cb40d8665360ba10e59471af06150a50922,3000,60,True,False,True,,,3050,3050,120;180
BULL,0x115aac1e54bba1e4d10834093147ad8b4b67312d,3000,60,False,False,,zero_active_liquidity,,,,
TTD,0x14f646736d0f326ea530f415e7127ca939794dd3,10000,200,False,False,,zero_active_liquidity,,,,
RBLX,0x153601c37e9372b82021ac84a485807e20054c46,100,1,False,False,,zero_active_liquidity,,,,
MSTR,0x17578c0e0d15da44f31677263114f71ae76653ea,10000,200,False,False,,,,10015,10015,200;200
JBL,0x17687ef362f5d06376523ca4dfb15444d1dc6e30,10000,200,False,False,,zero_active_liquidity,,,,
PANW,0x178723ec752ae010e95a183c3cf3b13ddca23449,10000,200,False,False,,zero_active_liquidity,,,,
SHOP,0x18a1afa849a6940870c2163b7ecbcc85d455ad99,10000,200,False,False,,,,10260,10260,200;200
HIMS,0x18e2380689f425e0999f119553ac1f1c3b943e5f,10000,200,False,False,,,,13503,13503,200;200
LULU,0x19757223628da89569f9a2488af6c45cb9824ea1,10000,200,False,False,,,,460609,19476,200;200
RDDT,0x1a774e182159d2880dbc646eb89a8defe569f97c,3000,60,True,False,False,,oracle_feed_missing;paper_equity_oracle_missing,3245,3245,120;180
COIN,0x1aa941420f6347cf004e2d21e40f0632d8862cf8,100,1,False,False,,zero_active_liquidity,,,,
BE,0x1bad145c8f06444e0df81c28257cd20231bd1f16,3000,60,True,False,False,,oracle_feed_missing;paper_equity_oracle_missing,3073,3073,120;180
RBLX,0x1bdb8e3a79cb1a7f228808739311e23098d33d43,3000,60,True,False,False,,oracle_feed_missing;paper_equity_oracle_missing,3054,3054,120;180
PENG,0x1cd650500fa6f07646361f5f508aa6fbf7ddad36,3000,60,True,False,False,,oracle_feed_missing;paper_equity_oracle_missing,3035,3035,120;180
ANET,0x1de444d502d76313aa00b4c3d556d28b2395c814,3000,60,False,False,,zero_active_liquidity,,,,
AXON,0x1fd543d2a5b31f2e200cee133d54581a475bd88f,10000,200,False,False,,zero_active_liquidity,,,,
INDA,0x2171c94d8073c4913f4653a0766d18aa8a29d1f6,3000,60,False,False,,,,5058,5058,120;180
USAR,0x21cf29b6406d966a81ca48fb3e99c8def01f3ad5,10000,200,False,False,,zero_active_liquidity,,,,
COHR,0x22003c6509db36dc67523b2496993f6348fc7f92,10000,200,False,False,,zero_active_liquidity,,,,
QUBT,0x227bbce9a81b3694b01754298a983be3f9e44a93,3000,60,True,False,False,,oracle_feed_missing;paper_equity_oracle_missing,3030,3029,120;180
INTU,0x235b2650e67570ef3bfd0b3024fc0ed0b0b24245,10000,200,False,False,,zero_active_liquidity,,,,
EWY,0x23a254c637ef0f13f6259586f059fff52b89ed6b,10000,200,False,False,,zero_active_liquidity,,,,
LMT,0x24c1cf38eba9841fa3e7379fc1da832eb97d3f14,500,10,False,True,,zero_active_liquidity,,,,
AMZN,0x25967b7ca2d06aa46e47e188231ca78c87ef1fd7,10000,200,False,False,,zero_active_liquidity,,,,
AMKR,0x2694b507bab020b37e72a84a6195fbced3093bb6,10000,200,False,False,,zero_active_liquidity,,,,
WYFI,0x2a3063e34c60253abb23c2442f4cdfbc5cbd02c2,3000,60,True,False,False,,trading_not_tradable;oracle_feed_missing;paper_token_safety_check_failed;paper_equity_oracle_missing,3950,3950,120;180
LRCX,0x2ae2cc53e5f8c151d4b07de63cb3f362c6400a79,10000,200,False,False,,zero_active_liquidity,,,,
USAR,0x2b307a1bf7a16d20c577cda78c3447c72ff3694f,500,10,False,True,,zero_active_liquidity,,,,
MDB,0x2bb3e8b0406ee84646eea60df2c249e07aa473c8,10000,200,False,False,,zero_active_liquidity,,,,
MSTR,0x2c08bcef714bc8124972b7181494fc598e8ed111,3000,60,False,False,,,,6580,6580,120;180
QUBT,0x2e2a857c08ad6c09f1d1ec4fdb4cc7cd06cf17f4,10000,200,False,False,,,,10298,10298,200;200
INTC,0x2e5a92f5013a64661a49312111be2e8abd33f56a,3000,60,True,False,True,,,3151,3151,120;180
XOM,0x2e8d684e3c689cc0a2a32fb266eca2845d4b0dbe,3000,60,False,False,,zero_active_liquidity,,,,
MTSI,0x2e9aee43bb86006d772dae42e12a0d811470d7c1,10000,200,False,False,,zero_active_liquidity,,,,
MSFT,0x2ea9292113514ed84fd16aa4ad1e416537e39c8c,10000,200,False,False,,,,995886,996298,200;200
RBLX,0x2ef5945cd5664876b6481fdacfaa2942995a4da8,10000,200,False,False,,,,10018,10018,200;200
TER,0x307ba38626c581e00ba03d70773253cf20624dde,10000,200,False,False,,zero_active_liquidity,,,,
ONTO,0x3084cf7a94e52a22a02d268c5e2413e4d2303e5f,10000,200,False,False,,zero_active_liquidity,,,,
DJT,0x31a89afd92f9397465649ad03226c52292fc1ae5,10000,200,False,False,,,,10011,10011,200;200
GLD,0x32cb909acf78354e08aa45639ff5cd33767e730a,10000,200,False,False,,,,10483,10483,200;200
DJT,0x336672031dca39d4160f61106db0e92295ddad6f,500,10,False,True,,zero_active_liquidity,,,,
UNH,0x33f75741614dd041d34468e816da9840e6423ad4,10000,200,False,False,,zero_active_liquidity,,,,
RDDT,0x344f2705c99948c902d604170abe49b9d2c39d2f,500,10,False,True,,zero_active_liquidity,,,,
GOOGL,0x34d0dc122cf9a8eb296fc5e0d3a233625d7d19b7,500,10,True,True,True,,,502,502,80;160
TSEM,0x350051ec863739e4875f255e760ad3514c10f110,10000,200,False,False,,zero_active_liquidity,,,,
FLY,0x3594f65fe47577202c17bafb18e5096b44dcee6d,10000,200,False,False,,,,11222,11222,200;200
SCHD,0x359555e1fa3f28d5a25091dd9f6d350cb66566cf,10000,200,False,False,,,,996070,996066,200;200
BABA,0x368ddd38861d31435d764fc54df7d16481e3590b,500,10,False,True,,,,661219,749340,80;160
AAPL,0x3714aa8105de1f384481b425788af413748c1837,10000,200,False,False,,,,55593,22168,200;200
SLV,0x37ed4621d1eb3abc9e551a888e6aaf0a41f7be8e,500,10,True,True,True,,,543,543,80;160
BULL,0x396e9f3c8cd496311ba3cd19901b2022fe265c2c,10000,200,False,False,,zero_active_liquidity,,,,
COIN,0x3a6ec0aa6c702323414d449b5f60f4b742a82ded,500,10,False,True,,zero_active_liquidity,,,,
UPS,0x3ab74c45dcecc6a62898204dd42143a816b44cb1,10000,200,False,False,,,,10071,10071,200;200
SKHY,0x3b0028f88fdeb46150420ad9a0784844c5f6fab2,10000,200,False,False,,,,11304,11304,200;200
APLD,0x3b2ebc77d892cd02c913b9da9a8354d7925f4c8c,10000,200,False,False,,zero_active_liquidity,,,,
MSFT,0x3d69ea64810300877b938e9ad9916c25912c08f5,100,1,False,False,,zero_active_liquidity,,,,
LMT,0x40567898b0c6ea66798e78ffcf076c55604bcd0c,100,1,False,False,,zero_active_liquidity,,,,
JNJ,0x44d79f520eacc47fe958d6ea88b4ed1271971c1e,500,10,False,True,,zero_active_liquidity,,,,
QQQ,0x4539019b527211998642fec342c85dcb44c7e5e4,100,1,False,False,,zero_active_liquidity,,,,
INOD,0x47ec01141ea4d6325908bc5291a981b17ef2dad6,10000,200,False,False,,zero_active_liquidity,,,,
LITE,0x48731d5732b6bd1ad3325c77cedcff131169783c,10000,200,False,False,,zero_active_liquidity,,,,
AMD,0x48d284a2a4d3dc1b3da08231fe44317e7e7aa51f,3000,60,True,False,True,,,3057,3057,120;180
F,0x4dbac19e895322ac5b93abad9008691632bffc05,3000,60,True,False,False,,oracle_feed_missing;paper_equity_oracle_missing,3107,3107,120;180
AMD,0x4ee16fe614f3a04f1510edf1932a41cbd5c4af9c,100,1,False,False,,zero_active_liquidity,,,,
FTNT,0x4f2e6b13f5b9595caee276e14f9f457e17484503,10000,200,False,False,,,,996040,996043,200;200
BND,0x4f7039ae91038a11e76da15f0ccc0ffc90e7c37b,10000,200,False,False,,zero_active_liquidity,,,,
GLXY,0x5016f0fa496fd9818a3452146457cd8d779dba61,10000,200,False,False,,zero_active_liquidity,,,,
VSAT,0x51a48907b53054626b54098635714f3eb2f1485b,10000,200,False,False,,zero_active_liquidity,,,,
GLD,0x51aadbaf763e2c40e0072de814cac25d9bc09b59,100,1,False,False,,zero_active_liquidity,,,,
LMT,0x54f160bea60ec5207918c539d86e0b906b4da297,3000,60,True,False,False,,oracle_feed_missing;paper_equity_oracle_missing,3267,3267,120;180
GOOGL,0x553e9a453425cd9b90919f317061fbc3794cc57a,3000,60,True,False,True,,,3502,3502,120;180
SOXX,0x563a3154bc09d2a2364b9a2a5766148f4e89be77,10000,200,False,False,,,,996044,996039,200;200
TEAM,0x56a8350cb1090bced0ac606d43fef0155e9136a1,10000,200,False,False,,zero_active_liquidity,,,,
MPWR,0x56ad01ae395869ae9c491a007c36be3b839a14a6,10000,200,False,False,,,,996638,995908,200;200
CRDO,0x56db8aca8ce66b913cbba8c7f1f499834d056f20,10000,200,False,False,,zero_active_liquidity,,,,
MXL,0x5859a41c8063a82bd896bc3f39ede983856daaf6,10000,200,False,False,,zero_active_liquidity,,,,
NFLX,0x59895c0302f41aeaa129d2fa2442cec01e7ef45e,3000,60,True,False,False,,oracle_feed_missing;paper_equity_oracle_missing,3028,3028,120;180
SMR,0x5b366a8e7d2f8a3a54711a98f524826e9895b525,10000,200,False,False,,zero_active_liquidity,,,,
AVGO,0x5b7c404f1d7d77f9f3885ab13d7764f8a173028c,3000,60,True,False,False,,oracle_feed_missing;paper_equity_oracle_missing,3370,3370,120;180
AMC,0x5c329ec542f9f88b6fb7530e55c06f7b0b5e242f,500,10,False,True,,zero_active_liquidity,,,,
COIN,0x5c51a0035051fa2db80aec8781be3bd6207d27e0,3000,60,False,False,,zero_active_liquidity,,,,
UPS,0x5c67a84ec5494ffe24e217b28debb96341014c86,3000,60,True,False,False,,oracle_feed_missing;paper_equity_oracle_missing,3011,3011,120;180
PWR,0x5cc24380a863119148723d2970ab712e4949b12c,10000,200,False,False,,,,996434,995774,200;200
LULU,0x5e0a340f80cea899b70e086d1269d188c48a7380,500,10,False,True,,zero_active_liquidity,,,,
GLW,0x5f15120b65498573dd0770f92646077a76b60724,10000,200,False,False,,zero_active_liquidity,,,,
SKHY,0x5f2a5025feb93a4c44da4e3b37e4fd3fb0ab5171,3000,60,True,False,False,,oracle_feed_missing;paper_equity_oracle_missing,4237,4237,120;180
ANET,0x6369190700480ae579a331adfcdb7967255186dd,10000,200,False,False,,,,996372,996328,200;200
RCAT,0x64710a70839585af718e1b1faef9e7f1665f1116,10000,200,False,False,,,,10180,10180,200;200
CRCL,0x654e4143e82a5824445ade0824351c2a9acd95a8,3000,60,True,False,True,,,3021,3021,120;180
DJT,0x656eedc3e805ca2da197071f742908732d60901b,3000,60,False,False,,zero_active_liquidity,,,,
SNOW,0x65bc70bd85b0c8e9aa023155ac4e15af7b6a29a2,10000,200,False,False,,zero_active_liquidity,,,,
SNAP,0x666aedbac5587b38889859663e3b72605e7663da,500,10,False,True,,zero_active_liquidity,,,,
LMT,0x68688654b6050739527b448c9ff98a882d8c357c,10000,200,False,False,,zero_active_liquidity,,,,
XNDU,0x69174bfcfacadfb056982c88c351549ef6308213,10000,200,False,False,,zero_active_liquidity,,,,
SHY,0x6a67f96a4635cf95e9877579db5566acb9d47816,3000,60,False,False,,zero_active_liquidity,,,,
XOM,0x6af79a2c154e7eea9c87b38617d5f0b598b690fb,10000,200,False,False,,,,997961,994988,200;200
SGOV,0x6ba50150b17ffd0972915aaf04ffd5e8f4fa49b4,500,10,True,True,False,,oracle_feed_missing;paper_equity_oracle_missing,500,500,80;160
RIVN,0x6e3dfc2fbfc48cc10f28025472256e64ae2c5991,100,1,False,False,,zero_active_liquidity,,,,
KLAC,0x6e592cc49f3484155b0da443fb9b7f0c300f9dc2,10000,200,False,False,,zero_active_liquidity,,,,
USO,0x6ed11c7dfd8e2ca5620eed29a7b9b53ae90dd0d2,10000,200,False,False,,,,10305,10305,200;200
ABCL,0x6ed779291769df8c1a3556f86f859192622505ff,10000,200,False,False,,zero_active_liquidity,,,,
MU,0x6fd0f36320a1e50e42f130ce4a5c530b992a0a14,500,10,False,True,,,,56486,999996,80;160
META,0x6fd62e9843ad2ac2c4fbf2b62647953ea29b3537,10000,200,False,False,,,,24397,23138,200;200
RDW,0x71e15c0ed50142c772bee6195c936f04e4696f5d,10000,200,False,False,,zero_active_liquidity,,,,
SPMO,0x727c8a9e0da8bb21be322d2bb5d891b126143b8c,10000,200,False,False,,zero_active_liquidity,,,,
FIX,0x745104601f86be0b2392c916442a922f2923fa6c,10000,200,False,False,,,,996632,995168,200;200
OKLO,0x754799c74d8941ad42084ed3951f996f401de4a2,10000,200,False,False,,zero_active_liquidity,,,,
FLY,0x76e92f3a0f088aafc1b81d37bdffc24b939c53fd,3000,60,False,False,,,,29568,882012,120;180
AAPL,0x783c9bbb765047cfdd2b84b92b2ca9f11d34b7ed,3000,60,True,False,True,,,3051,3051,120;180
TSLA,0x7868622ff2c3b1b6c8acb15fe0bdaebf043dda48,100,1,False,False,,zero_active_liquidity,,,,
GLD,0x7a6a053eccf1446a2633e05aa6d40d09381997ec,3000,60,True,False,False,,oracle_feed_missing;paper_equity_oracle_missing,3000,3000,120;180
AMZN,0x7b242dfa849419242e3733308d5c91fe2a7dae7e,100,1,False,False,,zero_active_liquidity,,,,
CCL,0x7b87ec8bc343dbf930d4f87b1ef1388787bf9d35,3000,60,False,False,,,,8392,626904,120;180
APP,0x7caec5689e7daf976469769e45001e99314eaac8,10000,200,False,False,,zero_active_liquidity,,,,
JNJ,0x7f0ace18d1dced47063cf26e649bc8ab14d09e67,3000,60,True,False,False,,oracle_feed_missing;paper_equity_oracle_missing,3035,3035,120;180
AEIS,0x803c27544ea2f41df24c08aff45451e0b17b45ed,10000,200,False,False,,zero_active_liquidity,,,,
CVNA,0x808824415812648f537c2306fb67ed65d8d25f87,10000,200,False,False,,zero_active_liquidity,,,,
AMBA,0x814e6f0ab0505457f661063bda756266181fd7bb,10000,200,False,False,,zero_active_liquidity,,,,
NNE,0x8368991bf7f5380cecd4a6f4fc4ea151d62343bc,10000,200,False,False,,zero_active_liquidity,,,,
PLTR,0x851680416a4f4e1c463d45171d61acddbc8554c0,3000,60,True,False,True,,,3051,3051,120;180
SHY,0x8517c791b522b6a4c20bd1021ff1f6a442dacba6,10000,200,False,False,,zero_active_liquidity,,,,
PATH,0x85e93fa4a14b266643b8c9bace0312425815e72e,10000,200,False,False,,,,994138,999998,200;200
IBRX,0x86509c1cc350a928fa6472d72a6915c31e8340f0,10000,200,False,False,,zero_active_liquidity,,,,
SPCX,0x87c58b43537005189cfc7b512d818dc9125e94fc,100,1,False,False,,,,840582,483832,80;160
ZM,0x89ef54007b030a07b12f7cda9fe98cb278cd7e6d,10000,200,False,False,,zero_active_liquidity,,,,
IBM,0x8a9e0978e84ed7786e4251914ffff2f922ab351f,500,10,False,True,,zero_active_liquidity,,,,
AMZN,0x8ac92da74ab5f3b1d024dc1943ad7e15dc4179ef,3000,60,True,False,True,,,3003,3003,120;180
SLV,0x8cb787e6c315d464775289bad00fdd67d53ecb3d,3000,60,True,False,True,,,3014,3014,120;180
AUR,0x8cd2c46b8c52e3d143446e959ecf01396feb667a,10000,200,False,False,,zero_active_liquidity,,,,
IBM,0x8cd848ce18b829c5c769aff27164078bb52e0e97,3000,60,True,False,False,,oracle_feed_missing;paper_equity_oracle_missing,3022,3022,120;180
JNJ,0x8d39388ef11bb78843130bd74ab0e5d89fa76b30,10000,200,False,False,,,,10348,10348,200;200
CRCL,0x9324a34abd68e46cd0f62a561a7bb10a2b1fa477,10000,200,False,False,,zero_active_liquidity,,,,
CTSH,0x95a8f85c70805bf74d93caa69c60db4475977c5b,10000,200,False,False,,zero_active_liquidity,,,,
MOD,0x962403f3e10d89c3f7f5140f0cf6fcb466de91a1,10000,200,False,False,,zero_active_liquidity,,,,
SLS,0x98e95b56f8b6601bc1d25bc2eb568ed0ff64279d,10000,200,False,False,,zero_active_liquidity,,,,
FISV,0x9bba88a4e122576f74c0d88c1989b6c2d6447044,10000,200,False,False,,zero_active_liquidity,,,,
HPE,0x9bd9061794310d98b7b8f2abeb8056225bc73bee,10000,200,False,False,,,,996037,996046,200;200
DDOG,0x9ccf7423c06bd2ffdbdab31fbc8b95d9f163a06c,500,10,False,True,,zero_active_liquidity,,,,
CSCO,0x9d181080aaa2d6086ac56c36e1a903bbdd77e69a,10000,200,False,False,,zero_active_liquidity,,,,
QBTS,0x9eb22ad27148cb90423422ec8a4a2ecf267e96bf,10000,200,False,False,,,,30186,406047,200;200
BABA,0x9eda4bcb3ebfede532f3cae3864fc0cefff782aa,10000,200,False,False,,,,13885,13885,200;200
SMCI,0x9f0167da6d9738b57cba0833a541db77762fb7bb,10000,200,False,False,,zero_active_liquidity,,,,
CRCL,0xa01e08626792d78c65c495b581a50d2156dc860c,500,10,False,True,,zero_active_liquidity,,,,
DJT,0xa04bf3cd3f5cdb78ab5a3277e9eab7a765ba9a92,100,1,False,False,,zero_active_liquidity,,,,
IBM,0xa0a79bc62fc822f3bcdf0ebbc586031781c53a5b,10000,200,False,False,,,,10101,10101,200;200
DELL,0xa0f5ef20f49db62bb20e0f2b51257ca897a01a5f,3000,60,False,False,,zero_active_liquidity,,,,
POET,0xa1c781ed62ac2d0283f50ff5a843647a56ddd80a,10000,200,False,False,,,,10376,10376,200;200
SNDK,0xa1e1c9519cd5ae47e9a935645e1a7b935b944559,10000,200,False,False,,,,10190,10190,200;200
AMAT,0xa255bafb65f9c79047ec74814e456e53713c8cb3,10000,200,False,False,,,,994367,999469,200;200
PFE,0xa26df7296ef5dfc727f3bc6f1e9050e6b62e6abf,10000,200,False,False,,,,12908,13288,200;200
POWL,0xa348700ed212c25d1b3feabde288746154440251,10000,200,False,False,,zero_active_liquidity,,,,
MRNA,0xa34d0667334074df2d5bfd259e79e6b9cf1fa8bf,10000,200,False,False,,,,10113,10113,200;200
GOOGL,0xa3617bb4d7dc9dd20f79165486097a54b3593164,100,1,False,False,,zero_active_liquidity,,,,
SPY,0xa43b424bc609495aed4bcd88d654934b510b0ad9,3000,60,True,False,False,,paper_equity_reference_age_unacceptable,3196,3196,120;180
BABA,0xa57ab582b310dd6f9e934ea1eeea152741545e6a,3000,60,True,False,True,,,3028,3028,120;180
NVTS,0xa6db97fb3e2dcb5de6ec43b04be6aa151905dc17,10000,200,False,False,,zero_active_liquidity,,,,
SPY,0xa7bb1ac63bbab0c44316e6c8c455213441689167,500,10,True,True,False,,paper_equity_reference_age_unacceptable,508,508,80;160
SIMO,0xa84fe55a03bb51eb640f8b624fe47b2777358d15,10000,200,False,False,,zero_active_liquidity,,,,
RDDT,0xa8744e76aed23b05f0126335e7bd38f7935d19fe,10000,200,False,False,,,,10004,10004,200;200
CBRS,0xa887c160493c80b8cf2a847a0da103e8aa5fe8f9,10000,200,False,False,,zero_active_liquidity,,,,
RKLB,0xa9888de1b9d64a93eaeb495a39fe9b3d00654928,10000,200,False,False,,,,995998,996127,200;200
NET,0xa9caebb1b2fb2b954f192572b309aef1caf6a330,3000,60,True,False,False,,oracle_feed_missing;paper_equity_oracle_missing,3049,3049,120;180
AMC,0xaa34fea710a1a737840329051d81d3b0b7c564d5,3000,60,True,False,False,,oracle_feed_missing;paper_equity_oracle_missing,3005,3005,120;180
AAPL,0xaae0d815ee56e4092a5e5c2911e676fea50b2d6d,500,10,True,True,True,,,505,505,80;160
META,0xad6df50832884f3498cd354086cefb0e39070f1b,100,1,False,False,,zero_active_liquidity,,,,
JOBY,0xade500b7d85db5048c6a1fb643c4e7be6c72147f,10000,200,False,False,,zero_active_liquidity,,,,
KSS,0xadf6351c8210a1c0d64d35ee9e2274b1cadf9b3c,10000,200,False,False,,zero_active_liquidity,,,,
CLS,0xaea7d4e856a1fc2bd23c7ea26a3433464de0428f,10000,200,False,False,,,,996421,996374,200;200
VRT,0xb15e0e29161917d36bbbc496ae482dce2c77c875,10000,200,False,False,,,,996660,996026,200;200
CCL,0xb19ace635ef3a28b85bfb01bae97d0de80750680,10000,200,False,False,,,,10711,10711,200;200
BE,0xb28ae7eaa50a7eb468d6aa516c85b1bb56b3b085,10000,200,False,False,,zero_active_liquidity,,,,
GOOGL,0xb2bb17fa1905bcc1558b5aaec894faab666b323a,10000,200,False,False,,zero_active_liquidity,,,,
RIVN,0xb30a75b200d98a600a3766869344928e35823e23,10000,200,False,False,,,,10073,10073,200;200
SOUN,0xb30e0bc08287370ac89ab8e22e56ee2420532ac6,10000,200,False,False,,,,44078,998835,200;200
TSLA,0xb349fb08c2712f3a70bad40a4d006b68d67e888b,10000,200,False,False,,,,610910,21095,200;200
FUTU,0xb3e2fb8e10af6c9fdd7f2d31cea79927a9dbfcf6,10000,200,False,False,,zero_active_liquidity,,,,
MRNA,0xb40196272a6d2eb5edf6d93bc4dc39856ad95e0e,3000,60,True,False,False,,oracle_feed_missing;paper_equity_oracle_missing,3056,3056,120;180
AVAV,0xb4a1331504e4282746c30b89c7f6e6a73adcff88,10000,200,False,False,,zero_active_liquidity,,,,
ASTS,0xb4c19c79b22310b5fb70959c3490149638e7bd14,10000,200,False,False,,zero_active_liquidity,,,,
SKHY,0xb504030b2d88183bf292b13378251abaabed5168,500,10,False,True,,zero_active_liquidity,,,,
RGTI,0xb549d4eaf467277e48aa350f216e413df8c8ba12,10000,200,False,False,,zero_active_liquidity,,,,
MRVL,0xb5e892f0fc6daadda5b927266fe7907e623e4843,3000,60,True,False,False,,oracle_feed_missing;paper_equity_oracle_missing,3449,3449,120;180
NU,0xb6d047637151f6de1d02028acdd187aa9cb7afe3,10000,200,False,False,,,,10075,10075,200;200
NVDA,0xb75d2d02b0ec3de50d32e40a4f1a8dae8acc4333,100,1,False,False,,zero_active_liquidity,,,,
GME,0xb7723619e09e9317b3e538e7531ecbb910aec107,100,1,False,False,,zero_active_liquidity,,,,
VTI,0xb78dd1a97fa544c65d7d1f12453ecaaf1e05c36d,10000,200,False,False,,,,19429,262117,200;200
NVDA,0xb944cec30bd4175855215d767adc81f39e5f7e2b,3000,60,True,False,True,,,3237,3237,120;180
DDOG,0xb9a8b0a8a724f0813cef2c9bfef102087a33753e,10000,200,False,False,,,,996041,996041,200;200
VST,0xba154b0c9f1e8242ba064ead09756567efbc7171,10000,200,False,False,,zero_active_liquidity,,,,
GLD,0xba2f1ed4ceb2169d538d1e614d847e83c5a55913,500,10,True,True,False,,oracle_feed_missing;paper_equity_oracle_missing,503,503,80;160
QUBT,0xbad5559f6b39a341cbf62d7dd7ffec6f9e242599,100,1,False,False,,zero_active_liquidity,,,,
IONQ,0xbc44b11f569d3feed9b4088f5a3fc569d2e3c77f,10000,200,False,False,,,,996041,996041,200;200
CIEN,0xbd7a539d199783b9e2a91de16de1050b52cc75ca,10000,200,False,False,,zero_active_liquidity,,,,
CLOV,0xbdfbc71db927fd566080ac21c6a2a89ae061f940,10000,200,False,False,,,,406370,870255,200;200
OUST,0xbeba59ed4a9b3a4b7033384228c75bd9e7dcad20,10000,200,False,False,,zero_active_liquidity,,,,
BA,0xbf3904cad0e63a4796cf806c21f2c1528b8ebe06,10000,200,False,False,,,,11638,11638,200;200
GE,0xc04635d723149390530b637f000c530738dd95ef,10000,200,False,False,,zero_active_liquidity,,,,
SNAP,0xc1bc4e31e763989616445a03627c17a5bc624778,10000,200,False,False,,zero_active_liquidity,,,,
NVDA,0xc277560df3689a401ba7dedd7626168b234ceb5e,10000,200,False,False,,zero_active_liquidity,,,,
PR,0xc2b5a8d6ecbbe9e4590271f7fe0261a3b265c3e7,10000,200,False,False,,zero_active_liquidity,,,,
DELL,0xc30c89cb7815a1488b7998d15eec73961707fc5a,10000,200,False,False,,,,10038,10038,200;200
AVGO,0xc3dabbed6574e1ef93c9e3e68e4e30ba77ca38be,10000,200,False,False,,zero_active_liquidity,,,,
BB,0xc424e56e816f148a8b30ccbde2128e04d21f51e9,10000,200,False,False,,,,10249,10249,200;200
TSLA,0xc4f0172d6ac8dd294dd1137d047d5e1893760236,500,10,True,True,True,,,659,659,80;160
TTWO,0xc53917de3655cfedc7f5b2a9b041909fa4c1b530,100,1,False,False,,zero_active_liquidity,,,,
SPCX,0xc61284332117c3fb23a2a56cceffd07f7af60029,500,10,True,True,True,,,500,500,80;160
BA,0xc6517047b189c72d3baa9ef37d1d28f27a63638a,3000,60,True,False,False,,oracle_feed_missing;paper_equity_oracle_missing,3038,3038,120;180
PFE,0xc7d573fcda6d2107c97fb582ae18411f9db32e7f,3000,60,True,False,False,,oracle_feed_missing;paper_equity_oracle_missing,3039,3039,120;180
ELF,0xc7d6ced1b7746784a20a1201fa9eb4c676f1b0e3,10000,200,False,False,,zero_active_liquidity,,,,
HIMS,0xc8c90d3a1c1a24967e773ac2ad0d456ba3e31f64,3000,60,True,False,False,,oracle_feed_missing;paper_equity_oracle_missing,3002,3002,120;180
CEG,0xc9529b7dc74bf15da6cee01a282908e8c7ab6ba3,10000,200,False,False,,,,10198,10198,200;200
AMC,0xc97894fc00c6eeb060838559d905b4c2253fd429,10000,200,False,False,,,,14821,14821,200;200
SNDK,0xc9f2e2229ef638a7629185c9b222ad2eeec39b74,3000,60,False,False,,zero_active_liquidity,,,,
FIG,0xca5904c0a9d42f0ec1bf760fdf779907877144fd,3000,60,True,False,False,,oracle_feed_missing;paper_equity_oracle_missing,3023,3023,120;180
FLNC,0xcacd42c86e2d79b48a5e02b1ca36e0806cc95955,10000,200,False,False,,zero_active_liquidity,,,,
INFQ,0xcb52c90cfc9f0e1024fec25bb64fdbfc91a1c163,10000,200,False,False,,zero_active_liquidity,,,,
TEM,0xcbf1f76e933534689f8ea13766279e839b1bafd8,10000,200,False,False,,zero_active_liquidity,,,,
TSM,0xccba175d31198e47968a7033179f512d7b38ead6,3000,60,False,False,,zero_active_liquidity,,,,
ASML,0xce79c1b7b5f9ae1aab3b1796e7fcd2f5f24cf265,3000,60,True,False,True,,,3745,3745,120;180
GEV,0xcf0396ae8b436e4534c3f1aacf186efc8ba2bca6,10000,200,False,False,,zero_active_liquidity,,,,
WDAY,0xcf64702d2538149a2e84ffa96b00ee745195791d,10000,200,False,False,,zero_active_liquidity,,,,
MU,0xd057b1bc54917855bbee58ead58647f47cab35e5,3000,60,True,False,True,,,3007,3007,120;180
LLY,0xd2038788ebe1e0bfd7c0a6112f09778f3aeaeca6,3000,60,True,False,False,,oracle_feed_missing;paper_equity_oracle_missing,3055,3055,120;180
ADBE,0xd25e11e45f42660668acc3db09dfe56f890f2e58,10000,200,False,False,,,,995258,997438,200;200
NVDA,0xd4eb21209c4d6093f80b5b84f5c45cc093ea14a3,500,10,True,True,True,,,500,500,80;160
QQQ,0xd60a5d14db690b7afad71f76b108071d7175597d,500,10,True,True,False,,paper_equity_reference_age_unacceptable,506,506,80;160
AMD,0xd6af1dcb75cdae4f2efc403a58ef023a51edc686,10000,200,False,False,,,,10459,10459,200;200
TTWO,0xd715802a12a73ceafe7579912a28d65d2ab5cc57,500,10,False,True,,,,9918,9918,80;160
ALAB,0xd8d7d0dc783ff547c5d7efb52368c386c160de43,10000,200,False,False,,zero_active_liquidity,,,,
UMC,0xd95a760934ddf6818176d51c12e89520dd7bac44,10000,200,False,False,,,,997221,994732,200;200
TTWO,0xd9ab4b7fae6dc2f7020134ec744a8f53ef3e5e24,3000,60,True,False,False,,oracle_feed_missing;paper_equity_oracle_missing,3020,3020,120;180
CRM,0xda68fba2d1bca00e3754937b5608ba61aee6e827,10000,200,False,False,,zero_active_liquidity,,,,
HWM,0xdaab22b473029a8f8f00cbe3a33de82dbbeb6ec9,10000,200,False,False,,,,996015,996067,200;200
COST,0xdb073638f94a384b8b7a647d73274decac9e7ca5,10000,200,False,False,,,,20892,88073,200;200
DOCN,0xdebba94d2143ea05dd92ae67161b53112f770842,10000,200,False,False,,zero_active_liquidity,,,,
CRWD,0xdee31838ed96e8b68d6a16d3db9fdf4fbd672929,10000,200,False,False,,zero_active_liquidity,,,,
ZS,0xdf9a23295d5d66e8066370cea9349def9ccafdae,10000,200,False,False,,zero_active_liquidity,,,,
HII,0xe0236f4dae922534ef8a33f15ea037fc31dac9cb,10000,200,False,False,,zero_active_liquidity,,,,
SNOW,0xe0ca1dfc1161500fb410c8181f7cc33860ffb16b,3000,60,True,False,False,,oracle_feed_missing;paper_equity_oracle_missing,3153,3153,120;180
HPE,0xe0e25884a3b690b1699732de475b2281600b0934,3000,60,True,False,False,,oracle_feed_missing;paper_equity_oracle_missing,4623,4623,120;180
EWY,0xe180b7fd9acc014d9fbd0d46a9038edb30008482,3000,60,False,False,,zero_active_liquidity,,,,
SNAP,0xe187202cae5587c2b482747b1d11ec506d730eaf,100,1,False,False,,zero_active_liquidity,,,,
XLK,0xe20463635ceeea8e30a315ffc4d4e81c80e53147,10000,200,False,False,,,,997631,993965,200;200
GME,0xe2b46c905e12ab8e2f864e4821a4325884c1b126,500,10,True,True,True,,,505,505,80;160
CELH,0xe36dbdc0d6d5ab3182b6c18ba14b65bd676cce02,10000,200,False,False,,zero_active_liquidity,,,,
EWT,0xe46891c34a895e988ff94ca79d20dcf1cfb02f64,10000,200,False,False,,zero_active_liquidity,,,,
SOUN,0xe4e5e1f8bb52c51ec86bf2d6494747fb4e6337bc,3000,60,False,False,,,,84312,84312,120;180
LHX,0xe529ab9afdd8510954e59ff4d532510f685d1f5f,10000,200,False,False,,zero_active_liquidity,,,,
RUN,0xe6d0f53073041e12bc46759519499764a4b92d13,10000,200,False,False,,,,34825,617836,200;200
WYFI,0xe7071e2fe49f86fbbe701053f98a73eb4124a6bd,10000,200,False,False,,,,995374,996599,200;200
GME,0xe9713f453adb9245b19559790c96f470a18f2fdf,10000,200,False,False,,,,10008,10008,200;200
NFLX,0xea75ea625d83ae276b9ae8b0a3dc205916ee65cf,10000,200,False,False,,,,10496,10496,200;200
SOFI,0xea9368e1c88bce7f04d16919eb131778a0df826a,10000,200,False,False,,,,996343,996343,200;200
SPCX,0xeb07d9587efd1778dfb9c385ec43ef6d5f9fe401,3000,60,True,False,True,,,3011,3011,120;180
MSFT,0xeb60bcd1d920ad6e102690ccfc6fb488899e1510,3000,60,True,False,True,,,3006,3006,120;180
QQQ,0xebd78dcfc8a6b3a696f1e191ad1ff321f9579f79,3000,60,True,False,False,,paper_equity_reference_age_unacceptable,3117,3117,120;180
LUNR,0xed48ccb8d9bb86c7e039b153c53cb1a1d8be85e5,10000,200,False,False,,zero_active_liquidity,,,,
ASML,0xedb22516b14eb2d1c86927db373b0e8bf70f5cd1,10000,200,False,False,,,,10108,10108,200;200
VICR,0xf20c51f78aba822f1f73df47e0c4e2560da92771,10000,200,False,False,,zero_active_liquidity,,,,
LLY,0xf212d02146a897f5f686e9d629f6a73da534324a,500,10,True,True,False,,oracle_feed_missing;paper_equity_oracle_missing,511,511,80;160
LLY,0xf4274130137eee20bad928b593d992716516ceb9,10000,200,False,False,,,,10005,10005,200;200
TSLA,0xf4acdaeeb7022862a763c9b1b885e11191c889e3,3000,60,True,False,True,,,3004,3004,120;180
CLSK,0xf58a091afd28f26e7e2a60803e6dfb5a8e451021,10000,200,False,False,,zero_active_liquidity,,,,
AEHR,0xf5954707e56f80d6e4ebd3609cf76bdb3769b7f5,10000,200,False,False,,zero_active_liquidity,,,,
FICO,0xf85f2f5716ca60a30b53193928d3f717343a378e,10000,200,False,False,,zero_active_liquidity,,,,
KTOS,0xf99db64402bbaceceb6da21f941fa75d3596418a,10000,200,False,False,,zero_active_liquidity,,,,
SMH,0xf9d5f058099707f60740c09bf67b32967971dc63,10000,200,False,False,,,,996274,996218,200;200
RIVN,0xf9e71558eef115b6c8fbfc9ad5fda00033e9d69c,3000,60,True,False,False,,oracle_feed_missing;paper_equity_oracle_missing,3153,3153,120;180
SATS,0xf9f25cd5b5ab162f7aad3cb2a1843916af49167f,10000,200,False,False,,zero_active_liquidity,,,,
SGOV,0xfab520051f96f4d2a32c22b6a3dd7fffdf231bfe,3000,60,True,False,False,,oracle_feed_missing;paper_equity_oracle_missing,3000,3000,120;180
SPCX,0xfbb32c09488e3fc33fe6fd84fe6ae442b4d13a31,10000,200,False,False,,,,10198,10198,200;200
ON,0xfce637eead7d62d9ed27f81d9767de03e9e534cf,10000,200,False,False,,,,10252,10252,200;200
NET,0xfdb45d6c7c27144c1ba128f38745b0bfc3a8f18f,100,1,False,False,,zero_active_liquidity,,,,
NAVN,0xfee5d6e12d1cee7eaf47904b5f4158460341b499,10000,200,False,False,,zero_active_liquidity,,,,
INDA,0xff2c1a42d9f3ac3d338d8ce4e44607cb8c333f45,10000,200,False,False,,zero_active_liquidity,,,,
QCOM,0xff3ab07dd9c241a72d42b3841814bf800494607a,10000,200,False,False,,zero_active_liquidity,,,,
SGOV,0xffb376bfc48668f16719b42ed8aeef5b98dbc4f1,100,1,False,False,,zero_active_liquidity,,,,
